Award ID,Agency,Office,Recipient,NAICS,NAICS Description,Total Value,Start Date,Expiration
47QSCC24D000F,General Services Administration,GSA/FAS/GSS/QSCBA/SPECIAL CONTRACTING BRANCH A AND QSCBB SPECIAL CONTRACTING BRANCH B,E-PROCUREMENT SERVICES LLC,339940,OFFICE SUPPLIES (EXCEPT PAPER) MANUFACTURING,"$999,999,999,999.00 ",3/26/2024,3/25/2026
47QSHA19D0010,General Services Administration,GSA/FAS HEARTLAND ACQUISITION CENTE,THE BUILDING PEOPLE LLC,561210,FACILITIES SUPPORT SERVICES,"$30,000,000,000.00 ",11/27/2018,3/30/2026
47QSHA19D000V,General Services Administration,GSA/FAS HEARTLAND ACQUISITION CENTE,"MULTI AIR SERVICES ENGINEERS, CORP",561210,FACILITIES SUPPORT SERVICES,"$30,000,000,000.00 ",11/26/2018,3/30/2026
47QSHA19D0011,General Services Administration,"GSA/FAS/GSS/QSCB, SUPPLY CHAIN MANAGEMENT CONTRACTING DIVISION",UNITED FACILITY SERVICES CORP,561210,FACILITIES SUPPORT SERVICES,"$30,000,000,000.00 ",11/27/2018,3/30/2026
GS06Q16BQDS122,General Services Administration,GSA/FAS HEARTLAND ACQUISITION CENTE,URBAN SERVICES GROUP INC,561210,FACILITIES SUPPORT SERVICES,"$30,000,000,000.00 ",3/31/2016,3/30/2026
GS06Q16BQDS118,General Services Administration,GSA/FAS HEARTLAND ACQUISITION CENTE,RAVEN SERVICES CORP,561210,FACILITIES SUPPORT SERVICES,"$30,000,000,000.00 ",3/31/2016,3/30/2026
GS06Q16BQDS103,General Services Administration,"GSA/FAS/GSS/QSCB, SUPPLY CHAIN MANAGEMENT CONTRACTING DIVISION","BEN FITZGERALD REAL ESTATE SERVICES, L.L.C.",561210,FACILITIES SUPPORT SERVICES,"$30,000,000,000.00 ",3/31/2016,3/30/2026
GS06Q16BQDU104,General Services Administration,"GSA/FAS/GSS/QSCB, SUPPLY CHAIN MANAGEMENT CONTRACTING DIVISION",AAA COMPLETE BUILDING SERVICES INC.,561210,FACILITIES SUPPORT SERVICES,"$30,000,000,000.00 ",3/31/2016,3/30/2026
GS06Q16BQDS124,General Services Administration,GSA/FAS HEARTLAND ACQUISITION CENTE,"ZERO WASTE SOLUTIONS, INC",561210,FACILITIES SUPPORT SERVICES,"$30,000,000,000.00 ",3/31/2016,3/30/2026
GS06Q16BQDS106,General Services Administration,GSA/FAS HEARTLAND ACQUISITION CENTE,"CMI MANAGEMENT, LLC",561210,FACILITIES SUPPORT SERVICES,"$30,000,000,000.00 ",3/31/2016,3/30/2026
GS06Q16BQDS115,General Services Administration,"GSA/FAS/GSS/QSCB, SUPPLY CHAIN MANAGEMENT CONTRACTING DIVISION","NVE, INC",561210,FACILITIES SUPPORT SERVICES,"$30,000,000,000.00 ",3/31/2016,3/30/2026
GS06Q16BQDS114,General Services Administration,"GSA/FAS/GSS/QSCB, SUPPLY CHAIN MANAGEMENT CONTRACTING DIVISION",NATIVE ENERGY & TECHNOLOGY INC,561210,FACILITIES SUPPORT SERVICES,"$30,000,000,000.00 ",3/31/2016,3/30/2026
GS06Q16BQDU102,General Services Administration,"GSA/FAS/GSS/QSCB, SUPPLY CHAIN MANAGEMENT CONTRACTING DIVISION",WOOD PROGRAMS INC,561210,FACILITIES SUPPORT SERVICES,"$30,000,000,000.00 ",3/31/2016,3/30/2026
GS06Q16BQDU105,General Services Administration,GSA/FAS HEARTLAND ACQUISITION CENTE,"ELECTRONIC METROLOGY LABORATORY, LLC",561210,FACILITIES SUPPORT SERVICES,"$30,000,000,000.00 ",3/31/2016,3/30/2026
GS06Q16BQDU107,General Services Administration,"GSA/FAS/GSS/QSCB, SUPPLY CHAIN MANAGEMENT CONTRACTING DIVISION","JONES LANG LASALLE AMERICAS, INC.",561210,FACILITIES SUPPORT SERVICES,"$30,000,000,000.00 ",3/31/2016,3/30/2026
47QSHA19D000U,General Services Administration,"GSA/FAS/GSS/QSCB, SUPPLY CHAIN MANAGEMENT CONTRACTING DIVISION","KCORP SUPPORT SERVICES, INC",561210,FACILITIES SUPPORT SERVICES,"$30,000,000,000.00 ",11/26/2018,3/30/2026
GS06Q16BQDU108,General Services Administration,GSA/FAS HEARTLAND ACQUISITION CENTE,LB & B ASSOCIATES INC,561210,FACILITIES SUPPORT SERVICES,"$30,000,000,000.00 ",3/31/2016,3/30/2026
GS06Q16BQDS110,General Services Administration,GSA/FAS HEARTLAND ACQUISITION CENTE,"GENERAL AND MECHANICAL SERVICES, LLC",561210,FACILITIES SUPPORT SERVICES,"$30,000,000,000.00 ",3/31/2016,3/30/2026
GS06Q16BQDS109,General Services Administration,GSA/FAS HEARTLAND ACQUISITION CENTE,FOUR SEASONS ENVIRONMENTAL INC,561210,FACILITIES SUPPORT SERVICES,"$30,000,000,000.00 ",3/31/2016,3/30/2026
GS06Q16BQDU106,General Services Administration,"GSA/FAS/GSS/QSCB, SUPPLY CHAIN MANAGEMENT CONTRACTING DIVISION",J & J MAINTENANCE INC,561210,FACILITIES SUPPORT SERVICES,"$30,000,000,000.00 ",3/31/2016,3/30/2026
47QSHA19D000S,General Services Administration,GSA/FAS HEARTLAND ACQUISITION CENTE,DELLEW CORP,561210,FACILITIES SUPPORT SERVICES,"$30,000,000,000.00 ",11/26/2018,3/30/2026
GS06Q16BQDS113,General Services Administration,GSA/FAS HEARTLAND ACQUISITION CENTE,INSPECTION EXPERTS INC,561210,FACILITIES SUPPORT SERVICES,"$30,000,000,000.00 ",3/31/2016,3/30/2026
GS06Q16BQDU101,General Services Administration,GSA/FAS HEARTLAND ACQUISITION CENTE,ACEPEX MANAGEMENT CORPORATION,561210,FACILITIES SUPPORT SERVICES,"$30,000,000,000.00 ",3/31/2016,3/30/2026
GS06Q16BQDS119,General Services Administration,GSA/FAS HEARTLAND ACQUISITION CENTE,"SDAC FACILITY SERVICES, LLC",561210,FACILITIES SUPPORT SERVICES,"$30,000,000,000.00 ",3/31/2016,3/30/2026
47QSHA19D000T,General Services Administration,GSA/FAS HEARTLAND ACQUISITION CENTE,GCR-DEAN LLC,561210,FACILITIES SUPPORT SERVICES,"$30,000,000,000.00 ",11/26/2018,3/30/2026
47QSHA19D000X,General Services Administration,GSA/FAS HEARTLAND ACQUISITION CENTE,SATELLITE SERVICES INC,561210,FACILITIES SUPPORT SERVICES,"$30,000,000,000.00 ",11/26/2018,3/30/2026
47QSHA19D000Y,General Services Administration,GSA/FAS HEARTLAND ACQUISITION CENTE,"SMS360, LLC",561210,FACILITIES SUPPORT SERVICES,"$30,000,000,000.00 ",11/26/2018,3/30/2026
GS06Q16BQDS107,General Services Administration,GSA/FAS HEARTLAND ACQUISITION CENTE,"TOWER FACILITY MANAGEMENT, LLC",561210,FACILITIES SUPPORT SERVICES,"$30,000,000,000.00 ",3/31/2016,3/30/2026
GS06Q16BQDS101,General Services Administration,GSA/FAS HEARTLAND ACQUISITION CENTE,ACEPEX MANAGEMENT CORPORATION,561210,FACILITIES SUPPORT SERVICES,"$30,000,000,000.00 ",3/31/2016,3/30/2026
GS06Q16BQDS102,General Services Administration,GSA/FAS HEARTLAND ACQUISITION CENTE,ACTION FACILITIES MANAGEMENT INC,561210,FACILITIES SUPPORT SERVICES,"$30,000,000,000.00 ",3/31/2016,3/30/2026
47QSHA19D000Z,General Services Administration,GSA/FAS HEARTLAND ACQUISITION CENTE,"TEAMGOV, INC.",561210,FACILITIES SUPPORT SERVICES,"$30,000,000,000.00 ",11/27/2018,3/30/2026
GS06Q16BQDS120,General Services Administration,"GSA/FAS/GSS/QSCB, SUPPLY CHAIN MANAGEMENT CONTRACTING DIVISION",TIGUA ENTERPRISES INC,561210,FACILITIES SUPPORT SERVICES,"$30,000,000,000.00 ",3/31/2016,3/30/2026
47QSHA19D0012,General Services Administration,GSA/FAS HEARTLAND ACQUISITION CENTE,WE2 SUPPORT SERVICES LLC,561210,FACILITIES SUPPORT SERVICES,"$30,000,000,000.00 ",11/27/2018,3/30/2026
GS06Q16BQDS121,General Services Administration,"GSA/FAS/GSS/QSCB, SUPPLY CHAIN MANAGEMENT CONTRACTING DIVISION","TRADEMASTERS SERVICE, INC.",561210,FACILITIES SUPPORT SERVICES,"$30,000,000,000.00 ",3/31/2016,3/30/2026
VA11816D1022,Department of Veterans Affairs,TECHNOLOGY ACQUISITION CENTER NJ (36C10B),CGI FEDERAL INC.,541512,COMPUTER SYSTEMS DESIGN SERVICES,"$22,300,000,000.00 ",6/10/2016,3/6/2026
36C10B21D1029,Department of Veterans Affairs,TECHNOLOGY ACQUISITION CENTER NJ (36C10B),APTIVE RESOURCES LLC,541512,COMPUTER SYSTEMS DESIGN SERVICES,"$22,300,000,000.00 ",2/25/2021,3/6/2026
VA11816D1027,Department of Veterans Affairs,TECHNOLOGY ACQUISITION CENTER NJ (36C10B),"KING STREET TECHNOLOGY PARTNERS, LLC",541512,COMPUTER SYSTEMS DESIGN SERVICES,"$22,300,000,000.00 ",8/2/2016,3/6/2026
36C10B21D1037,Department of Veterans Affairs,TECHNOLOGY ACQUISITION CENTER NJ (36C10B),MAVERIS LLC,541512,COMPUTER SYSTEMS DESIGN SERVICES,"$22,300,000,000.00 ",2/25/2021,3/6/2026
VA11816D1028,Department of Veterans Affairs,TECHNOLOGY ACQUISITION CENTER NJ (36C10B),VETERANS EZ INFO INC.,541512,COMPUTER SYSTEMS DESIGN SERVICES,"$22,300,000,000.00 ",8/2/2016,3/7/2026
36C10B21D1032,Department of Veterans Affairs,TECHNOLOGY ACQUISITION CENTER NJ (36C10B),DYNAMIC GOVERNMENT RESOURCES LLC,541512,COMPUTER SYSTEMS DESIGN SERVICES,"$22,300,000,000.00 ",2/25/2021,3/6/2026
VA11816D1025,Department of Veterans Affairs,TECHNOLOGY ACQUISITION CENTER NJ (36C10B),"INSIGNIA TECHNOLOGY SERVICES, LLC",541512,COMPUTER SYSTEMS DESIGN SERVICES,"$22,300,000,000.00 ",4/15/2019,3/6/2026
VA11816D1014,Department of Veterans Affairs,TECHNOLOGY ACQUISITION CENTER NJ (36C10B),"SIERRA7, INC.",541512,COMPUTER SYSTEMS DESIGN SERVICES,"$22,300,000,000.00 ",3/7/2016,3/6/2026
VA11816D1019,Department of Veterans Affairs,TECHNOLOGY ACQUISITION CENTER - NJ,BY LIGHT PROFESSIONAL IT SERVICES LLC,541512,COMPUTER SYSTEMS DESIGN SERVICES,"$22,300,000,000.00 ",3/7/2016,3/6/2026
VA11816D1009,Department of Veterans Affairs,TECHNOLOGY ACQUISITION CENTER NJ (36C10B),CERNER CORPORATION,541512,COMPUTER SYSTEMS DESIGN SERVICES,"$22,300,000,000.00 ",3/7/2016,3/6/2026
VA11816D1001,Department of Veterans Affairs,TECHNOLOGY ACQUISITION CENTER NJ (36C10B),COGNOSANTE MVH LLC,541512,COMPUTER SYSTEMS DESIGN SERVICES,"$22,300,000,000.00 ",3/28/2018,3/6/2026
36C10B21D1030,Department of Veterans Affairs,TECHNOLOGY ACQUISITION CENTER NJ (36C10B),TECHNATOMY CORPORATION,541512,COMPUTER SYSTEMS DESIGN SERVICES,"$22,300,000,000.00 ",2/25/2021,3/6/2026
VA11816D1018,Department of Veterans Affairs,TECHNOLOGY ACQUISITION CENTER - NJ,"INFORMATION INNOVATORS, LLC",541512,COMPUTER SYSTEMS DESIGN SERVICES,"$22,300,000,000.00 ",3/7/2016,3/6/2026
36C10B21D1031,Department of Veterans Affairs,TECHNOLOGY ACQUISITION CENTER NJ (36C10B),"DECISIVE POINT CONSULTING GROUP, LLC",541512,COMPUTER SYSTEMS DESIGN SERVICES,"$22,300,000,000.00 ",2/25/2021,3/6/2026
VA11816D1013,Department of Veterans Affairs,TECHNOLOGY ACQUISITION CENTER NJ (36C10B),ACCENTURE FEDERAL SERVICES LLC,541512,COMPUTER SYSTEMS DESIGN SERVICES,"$22,300,000,000.00 ",4/15/2019,3/6/2026
VA11816D1008,Department of Veterans Affairs,TECHNOLOGY ACQUISITION CENTER NJ (36C10B),INTERNATIONAL BUSINESS MACHINES CORPORATION,541512,COMPUTER SYSTEMS DESIGN SERVICES,"$22,300,000,000.00 ",3/7/2016,3/6/2026
36C10B21D1034,Department of Veterans Affairs,TECHNOLOGY ACQUISITION CENTER NJ (36C10B),"DEXTERITECH SOLUTIONS, LLC",541512,COMPUTER SYSTEMS DESIGN SERVICES,"$22,300,000,000.00 ",2/25/2021,3/6/2026
36C10B21D1035,Department of Veterans Affairs,TECHNOLOGY ACQUISITION CENTER NJ (36C10B),"CLIENT FIRST TECHNOLOGIES, INC",541512,COMPUTER SYSTEMS DESIGN SERVICES,"$22,300,000,000.00 ",2/25/2021,3/6/2026
VA11816D1010,Department of Veterans Affairs,TECHNOLOGY ACQUISITION CENTER - NJ,"ELLUMEN, INC.",541512,COMPUTER SYSTEMS DESIGN SERVICES,"$22,300,000,000.00 ",3/7/2016,3/6/2026
VA11816D1021,Department of Veterans Affairs,TECHNOLOGY ACQUISITION CENTER - NJ,"MANTECH MGS, INC.",541512,COMPUTER SYSTEMS DESIGN SERVICES,"$22,300,000,000.00 ",3/7/2016,3/6/2026
VA11816D1003,Department of Veterans Affairs,TECHNOLOGY ACQUISITION CENTER NJ (36C10B),"GOVCIO, LLC",541512,COMPUTER SYSTEMS DESIGN SERVICES,"$22,300,000,000.00 ",3/7/2016,3/6/2026
36C10B21D1036,Department of Veterans Affairs,TECHNOLOGY ACQUISITION CENTER NJ (36C10B),THUNDERYARD LIBERTY JV LLC,541512,COMPUTER SYSTEMS DESIGN SERVICES,"$22,300,000,000.00 ",2/25/2021,3/6/2026
36C10B21D1033,Department of Veterans Affairs,TECHNOLOGY ACQUISITION CENTER NJ (36C10B),"MIND COMPUTING, INC.",541512,COMPUTER SYSTEMS DESIGN SERVICES,"$22,300,000,000.00 ",2/25/2021,3/6/2026
VA11816D1026,Department of Veterans Affairs,TECHNOLOGY ACQUISITION CENTER NJ (36C10B),"PRO-SPHERE TEK, INC.",541512,COMPUTER SYSTEMS DESIGN SERVICES,"$22,300,000,000.00 ",8/2/2016,3/6/2026
VA11816D1002,Department of Veterans Affairs,TECHNOLOGY ACQUISITION CENTER NJ (36C10B),"HALFAKER AND ASSOCIATES, LLC",541512,COMPUTER SYSTEMS DESIGN SERVICES,"$22,300,000,000.00 ",3/7/2016,3/6/2026
VA11816D1023,Department of Veterans Affairs,TECHNOLOGY ACQUISITION CENTER NJ (36C10B),PERATON ENTERPRISE SOLUTIONS LLC,541512,COMPUTER SYSTEMS DESIGN SERVICES,"$22,300,000,000.00 ",6/10/2016,3/6/2026
VA11816D1017,Department of Veterans Affairs,TECHNOLOGY ACQUISITION CENTER - NJ,INTERNATIONAL BUSINESS MACHINES CORPORATION,541512,COMPUTER SYSTEMS DESIGN SERVICES,"$22,300,000,000.00 ",3/16/2016,3/6/2026
VA11816D1004,Department of Veterans Affairs,TECHNOLOGY ACQUISITION CENTER NJ (36C10B),LEIDOS SMS INC,541512,COMPUTER SYSTEMS DESIGN SERVICES,"$22,300,000,000.00 ",4/15/2019,3/6/2026
VA11816D1012,Department of Veterans Affairs,TECHNOLOGY ACQUISITION CENTER NJ (36C10B),"PEREGRINE DIGITAL SERVICES, LLC",541512,COMPUTER SYSTEMS DESIGN SERVICES,"$22,300,000,000.00 ",3/7/2016,3/6/2026
VA11816D1016,Department of Veterans Affairs,TECHNOLOGY ACQUISITION CENTER - NJ,"GENERAL DYNAMICS INFORMATION TECHNOLOGY, INC.",541512,COMPUTER SYSTEMS DESIGN SERVICES,"$22,300,000,000.00 ",3/7/2016,3/6/2026
VA11816D1006,Department of Veterans Affairs,TECHNOLOGY ACQUISITION CENTER NJ (36C10B),"FAVOR TECHCONSULTING, LLC",541512,COMPUTER SYSTEMS DESIGN SERVICES,"$22,300,000,000.00 ",3/7/2016,3/6/2026
VA11816D1015,Department of Veterans Affairs,TECHNOLOGY ACQUISITION CENTER NJ (36C10B),BOOZ ALLEN HAMILTON INC,541512,COMPUTER SYSTEMS DESIGN SERVICES,"$22,300,000,000.00 ",3/7/2016,3/6/2026
VA11816D1007,Department of Veterans Affairs,TECHNOLOGY ACQUISITION CENTER NJ (36C10B),BOOZ ALLEN HAMILTON INC,541512,COMPUTER SYSTEMS DESIGN SERVICES,"$22,300,000,000.00 ",3/7/2016,3/6/2026
VA11816D1005,Department of Veterans Affairs,TECHNOLOGY ACQUISITION CENTER NJ (36C10B),TISTA SCIENCE AND TECHNOLOGY CORPORATION,541512,COMPUTER SYSTEMS DESIGN SERVICES,"$22,300,000,000.00 ",3/7/2016,3/7/2026
VA11816D1020,Department of Veterans Affairs,TECHNOLOGY ACQUISITION CENTER NJ (36C10B),SPREZZATURA-GOVERNMENTCIO JOINT VENTURE LLC,541512,COMPUTER SYSTEMS DESIGN SERVICES,"$22,300,000,000.00 ",3/7/2016,3/6/2026
VA11816D1024,Department of Veterans Affairs,TECHNOLOGY ACQUISITION CENTER NJ (36C10B),"INNOVATIVE MANAGEMENT CONCEPTS, INC",541512,COMPUTER SYSTEMS DESIGN SERVICES,"$22,300,000,000.00 ",10/2/2017,3/6/2026
HQ072716D0001,Department of Defense,DEFENSE MICROELECTRONICS ACTIVITY,LOCKHEED MARTIN CORPORATION,541330,ENGINEERING SERVICES,"$17,471,000,000.00 ",4/1/2016,3/31/2026
HQ072716D0002,Department of Defense,DEFENSE MICROELECTRONICS ACTIVITY,BAE SYSTEMS INFORMATION AND ELECTRONIC SYSTEMS INTEGRATION INC.,541330,ENGINEERING SERVICES,"$17,471,000,000.00 ",4/1/2016,3/31/2026
HQ072716D0006,Department of Defense,DEFENSE MICROELECTRONICS ACTIVITY,RAYTHEON COMPANY,541330,ENGINEERING SERVICES,"$17,471,000,000.00 ",4/1/2016,3/31/2026
HQ072716D0003,Department of Defense,DEFENSE MICROELECTRONICS ACTIVITY,"GENERAL DYNAMICS MISSION SYSTEMS, INC.",541330,ENGINEERING SERVICES,"$17,471,000,000.00 ",4/1/2016,3/31/2026
HQ072716D0005,Department of Defense,DEFENSE MICROELECTRONICS ACTIVITY,CAES SYSTEMS LLC,541330,ENGINEERING SERVICES,"$17,471,000,000.00 ",4/1/2016,3/31/2026
HQ072716D0004,Department of Defense,DEFENSE MICROELECTRONICS ACTIVITY,NORTHROP GRUMMAN SYSTEMS CORPORATION,541330,ENGINEERING SERVICES,"$17,471,000,000.00 ",4/1/2016,3/31/2026
HQ072716D0008,Department of Defense,DEFENSE MICROELECTRONICS ACTIVITY,HONEYWELL INTERNATIONAL INC.,541330,ENGINEERING SERVICES,"$17,471,000,000.00 ",4/1/2016,3/31/2026
HQ072716D0007,Department of Defense,DEFENSE MICROELECTRONICS ACTIVITY,THE BOEING COMPANY,541330,ENGINEERING SERVICES,"$17,471,000,000.00 ",4/1/2016,3/31/2026
47QSHA22D0006,General Services Administration,GSA/FAS HEARTLAND ACQUISITION CENTE,"GLOBAL PRECISION SYSTEMS, LLC",561210,FACILITIES SUPPORT SERVICES,"$15,000,000,000.00 ",10/6/2021,3/30/2026
47QSHA22D0005,General Services Administration,GSA/FAS HEARTLAND ACQUISITION CENTE,CHENEGA FACILITIES MANAGEMENT LLC,561210,FACILITIES SUPPORT SERVICES,"$15,000,000,000.00 ",10/6/2021,3/30/2026
W15P7T16D0002,Department of Defense,W6QK ACC-APG,"L3HARRIS TECHNOLOGIES, INC.",334220,RADIO AND TELEVISION BROADCASTING AND WIRELESS COMMUNICATIONS EQUIPMENT MANUFACTURING,"$12,725,724,536.00 ",3/21/2016,3/1/2026
W15P7T16D0004,Department of Defense,W6QK ACC-APG,"GENERAL DYNAMICS MISSION SYSTEMS, INC.",334220,RADIO AND TELEVISION BROADCASTING AND WIRELESS COMMUNICATIONS EQUIPMENT MANUFACTURING,"$12,725,724,536.00 ",6/2/2016,3/1/2026
W15P7T16D0003,Department of Defense,W6QK ACC-APG,"ROCKWELL COLLINS, INC.",334220,RADIO AND TELEVISION BROADCASTING AND WIRELESS COMMUNICATIONS EQUIPMENT MANUFACTURING,"$12,725,724,536.00 ",3/21/2016,3/1/2026
70RDAD23A00000015,Department of Homeland Security,DEPARTMENTAL OPERATIONS ACQUISITION DIVISION I,CADUCEUS HEALTHCARE INC,541611,ADMINISTRATIVE MANAGEMENT AND GENERAL MANAGEMENT CONSULTING SERVICES,"$7,500,000,000.00 ",8/14/2023,3/30/2026
70RDAD23A00000014,Department of Homeland Security,DEPARTMENTAL OPERATIONS ACQUISITION DIVISION I,"ACTIVE DEPLOYMENT SYSTEMS, LLC",531120,LESSORS OF NONRESIDENTIAL BUILDINGS (EXCEPT MINIWAREHOUSES),"$7,500,000,000.00 ",8/14/2023,3/30/2026
70RDAD23A00000016,Department of Homeland Security,DEPARTMENTAL OPERATIONS ACQUISITION DIVISION I,GREENLIGHT GROUP LLC,541614,"PROCESS, PHYSICAL DISTRIBUTION, AND LOGISTICS CONSULTING SERVICES","$7,500,000,000.00 ",8/14/2023,3/30/2026
GS35F0265X,General Services Administration,GSA/FAS CENTER FOR IT SCHEDULE PROG,IMMIXTECHNOLOGY INC,541519,OTHER COMPUTER RELATED SERVICES,"$5,246,902,541.00 ",3/3/2011,3/2/2026
75D30125D00195,Department of Health and Human Services,CDC OFFICE OF ACQUISITION SERVICES,MERCK SHARP & DOHME LLC,325412,PHARMACEUTICAL PREPARATION MANUFACTURING,"$4,116,159,200.00 ",4/1/2025,3/30/2026
80MSFC20D0004,National Aeronautics and Space Administration,NASA MARSHALL SPACE FLIGHT CENTER,THE JOHNS HOPKINS UNIVERSITY APPLIED PHYSICS LABORATORY LLC,541715,"RESEARCH AND DEVELOPMENT IN THE PHYSICAL, ENGINEERING, AND LIFE SCIENCES (EXCEPT NANOTECHNOLOGY AND BIOTECHNOLOGY)","$4,000,000,000.00 ",3/30/2020,3/29/2026
70RDAD21A00000012,Department of Homeland Security,DEPT OPS ACQ DIV,DEPLOYED RESOURCES LLC,541614,"PROCESS, PHYSICAL DISTRIBUTION, AND LOGISTICS CONSULTING SERVICES","$3,000,000,000.00 ",3/29/2021,3/30/2026
W31P4Q21D0003,Department of Defense,W6QK ACC-RSA,LOCKHEED MARTIN CORPORATION,336414,GUIDED MISSILE AND SPACE VEHICLE MANUFACTURING,"$2,765,714,054.00 ",3/26/2021,3/31/2026
75D30125D00194,Department of Health and Human Services,CDC OFFICE OF ACQUISITION SERVICES,PFIZER INC,325412,PHARMACEUTICAL PREPARATION MANUFACTURING,"$2,007,801,000.00 ",4/1/2025,3/30/2026
75D30125D00196,Department of Health and Human Services,CDC OFFICE OF ACQUISITION SERVICES,SANOFI PASTEUR INC.,325412,PHARMACEUTICAL PREPARATION MANUFACTURING,"$1,996,408,200.00 ",4/1/2025,3/30/2026
36C79124D0011,Department of Veterans Affairs,COMMODITIES & SERVICES ACQUISITION SERVICE (36C791),"OPTUMRX ADMINISTRATIVE SERVICES, LLC",524292,PHARMACY BENEFIT MANAGEMENT AND OTHER THIRD PARTY ADMINISTRATION OF INSURANCE AND PENSION FUNDS,"$1,832,372,572.76 ",3/31/2024,3/30/2026
75D30125D00198,Department of Health and Human Services,CDC OFFICE OF ACQUISITION SERVICES,"GLAXOSMITHKLINE, LLC",325412,PHARMACEUTICAL PREPARATION MANUFACTURING,"$1,353,730,255.00 ",4/1/2025,3/30/2026
SPRPA121D0001,Department of Defense,"DLA AVIATION AT PHILADELPHIA, PA",THE BOEING COMPANY,336413,OTHER AIRCRAFT PARTS AND AUXILIARY EQUIPMENT MANUFACTURING,"$999,999,999.00 ",3/3/2021,3/2/2026
47QSCC21A0001,General Services Administration,GSA/FAS/GSS/QSCBA/SPECIAL CONTRACTING BRANCH A AND QSCBB SPECIAL CONTRACTING BRANCH B,"W.W. GRAINGER, INC.",444110,HOME CENTERS,"$956,493,042.00 ",3/23/2021,3/22/2026
N6449821D0023,Department of Defense,NSWC PHILADELPHIA DIV,OCEANEERING INTERNATIONAL INC,336611,SHIP BUILDING AND REPAIRING,"$955,113,642.61 ",3/15/2021,3/14/2026
N6449821D0018,Department of Defense,DCMA MID-ATLANTIC,"DELPHINUS ENGINEERING, INC.",336611,SHIP BUILDING AND REPAIRING,"$932,897,858.47 ",3/15/2021,3/14/2026
N6449821D0022,Department of Defense,NSWC PHILADELPHIA DIV,LA PLAYA INC OF VIRGINIA,336611,SHIP BUILDING AND REPAIRING,"$920,885,224.61 ",3/15/2021,3/14/2026
N6449821D0021,Department of Defense,NSWC PHILADELPHIA DIV,"CONTINENTAL TIDE DEFENSE SYSTEMS, INC.",336611,SHIP BUILDING AND REPAIRING,"$912,529,146.34 ",3/15/2021,3/14/2026
W15QKN21D0005,Department of Defense,W6QK ACC-PICA,ARMTEC DEFENSE PRODUCTS CO.,332993,AMMUNITION (EXCEPT SMALL ARMS) MANUFACTURING,"$899,287,531.77 ",3/5/2021,3/4/2026
N6449821D0020,Department of Defense,NSWC PHILADELPHIA DIV,SERCO INC,336611,SHIP BUILDING AND REPAIRING,"$877,402,903.27 ",3/15/2021,3/14/2026
GS03F078DA,General Services Administration,"GSA/FAS/GSS/QSCA, MULTIPLE AWARD SCHEDULE CONTRACTING DIVISION","KNOLL, INC.",337214,OFFICE FURNITURE (EXCEPT WOOD) MANUFACTURING,"$847,587,252.00 ",3/23/2016,3/22/2026
N6449821D0019,Department of Defense,NSWC PHILADELPHIA DIV,EPSILON SYSTEMS SOLUTIONS INC,336611,SHIP BUILDING AND REPAIRING,"$841,014,199.07 ",3/15/2021,3/14/2026
N6449821D0017,Department of Defense,NSWC PHILADELPHIA DIV,L3HARRIS MARITIME SERVICES INC,336611,SHIP BUILDING AND REPAIRING,"$826,835,591.26 ",3/15/2021,3/14/2026
N6449821D0016,Department of Defense,NSWC PHILADELPHIA DIV,TECNICO CORPORATION,336611,SHIP BUILDING AND REPAIRING,"$814,812,661.10 ",3/15/2021,3/14/2026
SS001660010,Social Security Administration,SSA OFC OF ACQUISITION  GRANTS,INTERNATIONAL BUSINESS MACHINES CORPORATION,334111,ELECTRONIC COMPUTER MANUFACTURING,"$810,000,000.00 ",7/1/2016,3/31/2026
N6449821D0015,Department of Defense,NSWC PHILADELPHIA DIV,"GENERAL DYNAMICS INFORMATION TECHNOLOGY, INC.",336611,SHIP BUILDING AND REPAIRING,"$804,155,104.23 ",3/15/2021,3/14/2026
W900KK19D0004,Department of Defense,W6QK ACC-ORLANDO,JACOBS TECHNOLOGY INC.,611430,PROFESSIONAL AND MANAGEMENT DEVELOPMENT TRAINING,"$785,000,000.00 ",3/7/2019,3/14/2026
N6449821D0014,Department of Defense,NSWC PHILADELPHIA DIV,HII FLEET SUPPORT GROUP LLC,336611,SHIP BUILDING AND REPAIRING,"$768,902,443.44 ",3/15/2021,3/14/2026
N6449821D0013,Department of Defense,NSWC PHILADELPHIA DIV,"QED SYSTEMS, INC.",336611,SHIP BUILDING AND REPAIRING,"$720,469,303.44 ",3/15/2021,3/14/2026
GS27F0015S,General Services Administration,"GSA/FAS/GSS/QSCA, MULTIPLE AWARD SCHEDULE CONTRACTING DIVISION","HON COMPANY LLC, THE",337214,OFFICE FURNITURE (EXCEPT WOOD) MANUFACTURING,"$708,736,651.00 ",3/27/2006,3/26/2026
693KA820D00008,Department of Transportation,693KA8 SYSTEM OPERATIONS CONTRACTS,SCIENCE APPLICATIONS INTERNATIONAL CORPORATION,611430,PROFESSIONAL AND MANAGEMENT DEVELOPMENT TRAINING,"$695,417,936.92 ",4/1/2020,3/31/2026
SPE8EC21D0079,Department of Defense,DLA TROOP SUPPORT,ADVANCED MATERIAL HANDLING LLC,333120,CONSTRUCTION MACHINERY MANUFACTURING,"$663,584,042.00 ",3/15/2021,3/14/2026
693KA918D00010,Department of Transportation,693KA9 CONTRACTING FOR SERVICES,SCIENCE APPLICATIONS INTERNATIONAL CORPORATION,541330,ENGINEERING SERVICES,"$654,822,509.00 ",7/23/2018,3/15/2026
72062019D00010,Agency for International Development,USAID/NIGERIA,"UNIVERSITY RESEARCH CO., LLC",541990,"ALL OTHER PROFESSIONAL, SCIENTIFIC, AND TECHNICAL SERVICES","$600,000,000.00 ",3/4/2019,3/3/2026
72062019D00011,Agency for International Development,USAID/NIGERIA,"MANAGEMENT SCIENCES FOR HEALTH, INC.",541990,"ALL OTHER PROFESSIONAL, SCIENTIFIC, AND TECHNICAL SERVICES","$600,000,000.00 ",3/4/2019,3/3/2026
72062019D00012,Agency for International Development,USAID/NIGERIA,FAMILY HEALTH INTERNATIONAL,541990,"ALL OTHER PROFESSIONAL, SCIENTIFIC, AND TECHNICAL SERVICES","$600,000,000.00 ",3/4/2019,3/3/2026
72062019D00009,Agency for International Development,USAID/NIGERIA,"CHEMONICS INTERNATIONAL, INC.",541990,"ALL OTHER PROFESSIONAL, SCIENTIFIC, AND TECHNICAL SERVICES","$600,000,000.00 ",3/4/2019,3/3/2026
1333LB25A00000002,Department of Commerce,DEPT OF COMMERCE CENSUS,IGNITEACTION LLC,541511,CUSTOM COMPUTER PROGRAMMING SERVICES,"$557,000,000.00 ",10/25/2024,3/11/2026
W900KK19D0006,Department of Defense,W6QK ACC-ORLANDO,"PINNACLE SOLUTIONS, LLC",611512,FLIGHT TRAINING,"$553,200,000.00 ",3/19/2019,3/18/2026
36F79719D0181,Department of Veterans Affairs,NAC FEDERAL SUPPLY SCHEDULE (36F797),NOVO NORDISK INC,325412,PHARMACEUTICAL PREPARATION MANUFACTURING,"$553,107,000.00 ",7/1/2019,3/31/2026
19AQMM20D0034,Department of State,ACQUISITIONS - AQM MOMENTUM,ALUTIIQ ESSENTIAL SERVICES LLC,339999,ALL OTHER MISCELLANEOUS MANUFACTURING,"$520,000,000.00 ",3/25/2020,3/24/2026
N6247317D3809,Department of Defense,NAVFACSYSCOM SOUTHWEST,"DEFENSE BASE SERVICES, INC.",561210,FACILITIES SUPPORT SERVICES,"$506,658,927.56 ",8/1/2017,3/31/2026
SAQMMA17A0120,Department of State,ACQUISITIONS - AQM MOMENTUM,THE MIL CORPORATION,541519,OTHER COMPUTER RELATED SERVICES,"$499,356,355.00 ",4/1/2017,3/31/2026
FA852821D0008,Department of Defense,FA8528  AFLCMC WIKA,GOODRICH CORPORATION,334511,"SEARCH, DETECTION, NAVIGATION, GUIDANCE, AERONAUTICAL, AND NAUTICAL SYSTEM AND INSTRUMENT MANUFACTURING","$493,300,000.00 ",4/1/2021,3/31/2026
70B03C21D00000003,Department of Homeland Security,BORDER ENFORCEMENT CONTRACTING DIVISION,RAPISCAN SYSTEMS INC,334517,IRRADIATION APPARATUS MANUFACTURING,"$480,000,000.00 ",3/2/2021,3/1/2026
70B03C21D00000004,Department of Homeland Security,BORDER ENFORCEMENT CONTRACTING DIVISION,"LEIDOS, INC.",334517,IRRADIATION APPARATUS MANUFACTURING,"$480,000,000.00 ",3/2/2021,3/1/2026
70B03C21D00000005,Department of Homeland Security,BORDER ENFORCEMENT CONTRACTING DIVISION,SMITHS DETECTION INC.,334517,IRRADIATION APPARATUS MANUFACTURING,"$480,000,000.00 ",3/2/2021,3/1/2026
N0002419D4310,Department of Defense,NAVSEA HQ,METRO MACHINE CORP,336611,SHIP BUILDING AND REPAIRING,"$465,150,000.00 ",3/21/2019,3/20/2026
70FB7022D00000011,Department of Homeland Security,INCIDENT SUPPORT SECTION(ISS70),"COMPOSITE ANALYSIS GROUP, INC.",312112,BOTTLED WATER MANUFACTURING,"$431,534,532.32 ",3/4/2022,3/3/2026
70FB7022D00000010,Department of Homeland Security,INCIDENT SUPPORT SECTION(ISS70),READY AMERICA INC,312112,BOTTLED WATER MANUFACTURING,"$428,954,532.32 ",3/1/2022,3/3/2026
47QTSA25A0019,General Services Administration,GSA/NATL INFO TECH PROGRAM (NITCP),"RP PROFESSIONAL SERVICES, LLC",541519,OTHER COMPUTER RELATED SERVICES,"$427,500,000.00 ",4/14/2025,3/12/2026
73351023A0012,Small Business Administration,OFC OF PERF MGMT AND CFO,GOLDSCHMITT AND ASSOCIATES LLC,541611,ADMINISTRATIVE MANAGEMENT AND GENERAL MANAGEMENT CONSULTING SERVICES,"$427,500,000.00 ",3/13/2023,3/12/2026
73351023A0013,Small Business Administration,OFC OF PERF MGMT AND CFO,"RP PROFESSIONAL SERVICES, LLC",541519,OTHER COMPUTER RELATED SERVICES,"$427,500,000.00 ",3/13/2023,3/12/2026
47QTSA25A0018,General Services Administration,GSA/NATL INFO TECH PROGRAM (NITCP),GOLDSCHMITT AND ASSOCIATES LLC,541611,ADMINISTRATIVE MANAGEMENT AND GENERAL MANAGEMENT CONSULTING SERVICES,"$427,500,000.00 ",4/14/2025,3/12/2026
FA255019DA005,Department of Defense,FA2550  50 CONS PKP,SKY BLUE RME JV LLC,237310,"HIGHWAY, STREET, AND BRIDGE CONSTRUCTION","$400,000,000.00 ",2/22/2019,3/1/2026
36F79720D0099,Department of Veterans Affairs,NAC FEDERAL SUPPLY SCHEDULE (36F797),OTSUKA AMERICA PHARMACEUTICAL INC,325412,PHARMACEUTICAL PREPARATION MANUFACTURING,"$396,000,000.00 ",3/15/2020,3/14/2026
GS00F0007X,General Services Administration,GSA/FAS/PSHC/PROF SRVCS SCHED-PSS,"POTOMACWAVE CONSULTING, INC.",541611,ADMINISTRATIVE MANAGEMENT AND GENERAL MANAGEMENT CONSULTING SERVICES,"$336,697,682.00 ",4/1/2011,3/31/2026
36E79724D0015,Department of Veterans Affairs,NAC PHARMACEUTICALS (36E797),ORGANON LLC,325412,PHARMACEUTICAL PREPARATION MANUFACTURING,"$325,063,436.44 ",3/9/2024,3/8/2026
W52P1J19D0066,Department of Defense,W6QK ACC-RI,NAMMO PERRY INC.,325920,EXPLOSIVES MANUFACTURING,"$320,000,000.00 ",9/5/2019,3/4/2026
W52P1J19D0065,Department of Defense,W6QK ACC-RI,ENSIGN-BICKFORD AEROSPACE & DEFENSE COMPANY,325920,EXPLOSIVES MANUFACTURING,"$320,000,000.00 ",9/5/2019,3/4/2026
70T04021D7672N001,Department of Homeland Security,SECURITY TECHNOLOGY,VERTEX AEROSPACE LLC,541330,ENGINEERING SERVICES,"$318,600,000.00 ",4/1/2021,3/31/2026
N4425518D5009,Department of Defense,NAVFACSYSCOM NORTHWEST,SKOOKUM EDUCATIONAL PROGRAMS,561720,JANITORIAL SERVICES,"$310,876,427.01 ",9/29/2018,3/31/2026
FA448425D0008,Department of Defense,FA4484  87 CONS PK,RITZ CONSTRUCTION INC,236220,COMMERCIAL AND INSTITUTIONAL BUILDING CONSTRUCTION,"$300,000,000.00 ",3/12/2025,3/11/2026
FA448425D0006,Department of Defense,FA4484  87 CONS PK,EASTERN CONSTRUCTION & ELECTRIC INC,236220,COMMERCIAL AND INSTITUTIONAL BUILDING CONSTRUCTION,"$300,000,000.00 ",3/12/2025,3/11/2026
FA448425D0007,Department of Defense,FA4484  87 CONS PK,KASER MECHANICAL LLC,236220,COMMERCIAL AND INSTITUTIONAL BUILDING CONSTRUCTION,"$300,000,000.00 ",3/12/2025,3/11/2026
FA448425D0005,Department of Defense,FA4484  87 CONS PK,RANCO CONSTRUCTION INC,236220,COMMERCIAL AND INSTITUTIONAL BUILDING CONSTRUCTION,"$300,000,000.00 ",3/12/2025,3/11/2026
FA448425D0004,Department of Defense,FA4484  87 CONS PK,FIBER BUSINESS SOLUTIONS GROUP INC,236220,COMMERCIAL AND INSTITUTIONAL BUILDING CONSTRUCTION,"$300,000,000.00 ",3/12/2025,3/11/2026
FA448425D0009,Department of Defense,FA4484  87 CONS PK,"BENAKA, INC.",236220,COMMERCIAL AND INSTITUTIONAL BUILDING CONSTRUCTION,"$300,000,000.00 ",3/12/2025,3/1/2026
72061721D00003,Agency for International Development,USAID/UGANDA,MEDICAL ACCESS UGANDA LIMITED,541990,"ALL OTHER PROFESSIONAL, SCIENTIFIC, AND TECHNICAL SERVICES","$294,500,000.00 ",3/5/2021,3/7/2026
72061721D00002,Agency for International Development,USAID/UGANDA,JOINT MEDICAL STORE,541990,"ALL OTHER PROFESSIONAL, SCIENTIFIC, AND TECHNICAL SERVICES","$294,500,000.00 ",3/5/2021,3/7/2026
SAQMMA17D0137,Department of State,ACQUISITIONS - AQM MOMENTUM,"IDS INTERNATIONAL, LLC",541690,OTHER SCIENTIFIC AND TECHNICAL CONSULTING SERVICES,"$283,329,489.00 ",9/20/2017,3/26/2026
70Z04421D21000600,Department of Homeland Security,C5I DIVISION 3 PORTSMOUTH,"GENERAL DYNAMICS MISSION SYSTEMS, INC.",517919,ALL OTHER TELECOMMUNICATIONS,"$279,000,000.00 ",4/1/2021,3/31/2026
W912GB21D0025,Department of Defense,W2SD FEST NAU1 EUROPE,ZAFER TAAHHUT INSAAT VE TICARET ANONIM SIRKETI,236220,COMMERCIAL AND INSTITUTIONAL BUILDING CONSTRUCTION,"$250,000,000.00 ",3/3/2021,3/3/2026
W912GB21D0020,Department of Defense,W2SD FEST NAU1 EUROPE,RELYANT GLOBAL LLC,236220,COMMERCIAL AND INSTITUTIONAL BUILDING CONSTRUCTION,"$250,000,000.00 ",3/3/2021,3/3/2026
FA821321D0004,Department of Defense,FA8213  AFLCMC EBHK,ARMTEC COUNTERMEASURES CO,325920,EXPLOSIVES MANUFACTURING,"$250,000,000.00 ",3/30/2021,3/29/2026
W912GB21D0021,Department of Defense,W2SD FEST NAU1 EUROPE,SOCIEDAD ESPANOLA DE MONTAJES INDUSTRIALES SA,236220,COMMERCIAL AND INSTITUTIONAL BUILDING CONSTRUCTION,"$250,000,000.00 ",3/3/2021,3/3/2026
W912GB21D0018,Department of Defense,W2SD FEST NAU1 EUROPE,ENVIRONMENTAL CHEMICAL CORPORATION,236220,COMMERCIAL AND INSTITUTIONAL BUILDING CONSTRUCTION,"$250,000,000.00 ",3/3/2021,3/3/2026
W912GB21D0023,Department of Defense,W2SD FEST NAU1 EUROPE,TEPE BOZDEMIR ORTAK GIRISIMI,236220,COMMERCIAL AND INSTITUTIONAL BUILDING CONSTRUCTION,"$250,000,000.00 ",3/3/2021,3/3/2026
W912GB21D0019,Department of Defense,W2SD FEST NAU1 EUROPE,EIFFAGE INFRAESTRUCTURAS SAU,236220,COMMERCIAL AND INSTITUTIONAL BUILDING CONSTRUCTION,"$250,000,000.00 ",3/3/2021,3/3/2026
W912GB21D0024,Department of Defense,W2SD FEST NAU1 EUROPE,"TSONTOS, MICHAEL M., S.A.",236220,COMMERCIAL AND INSTITUTIONAL BUILDING CONSTRUCTION,"$250,000,000.00 ",3/3/2021,3/3/2026
W912GB21D0022,Department of Defense,W2SD FEST NAU1 EUROPE,SKE SUPPORT SERVICES GMBH,236220,COMMERCIAL AND INSTITUTIONAL BUILDING CONSTRUCTION,"$250,000,000.00 ",3/3/2021,3/3/2026
W912GB21D0017,Department of Defense,W2SD FEST NAU1 EUROPE,"BRYAN 77 CONSTRUCTION JV, LLC",236220,COMMERCIAL AND INSTITUTIONAL BUILDING CONSTRUCTION,"$250,000,000.00 ",3/3/2021,3/3/2026
FA821321D0005,Department of Defense,FA8213  AFLCMC EBHK,KILGORE FLARES COMPANY LLC,325920,EXPLOSIVES MANUFACTURING,"$250,000,000.00 ",3/29/2021,3/29/2026
N6600121D0056,Department of Defense,NIWC PACIFIC,EPSILON C5I INC,541330,ENGINEERING SERVICES,"$249,743,883.00 ",3/3/2021,3/2/2026
N6600121D0058,Department of Defense,NIWC PACIFIC,PERATON INC.,541330,ENGINEERING SERVICES,"$249,743,883.00 ",3/3/2021,3/2/2026
N6600121D0055,Department of Defense,NIWC PACIFIC,HII MISSION TECHNOLOGIES CORP,541330,ENGINEERING SERVICES,"$249,743,883.00 ",3/3/2021,3/2/2026
N6600121D0053,Department of Defense,NIWC PACIFIC,BOOZ ALLEN HAMILTON INC,541330,ENGINEERING SERVICES,"$249,743,883.00 ",3/3/2021,3/2/2026
N6600121D0061,Department of Defense,NIWC PACIFIC,SCIENCE APPLICATIONS INTERNATIONAL CORPORATION,541330,ENGINEERING SERVICES,"$249,743,883.00 ",3/3/2021,3/2/2026
N6600121D0060,Department of Defense,NIWC PACIFIC,PERATON INC.,541330,ENGINEERING SERVICES,"$249,743,883.00 ",3/3/2021,3/2/2026
N6600121D0054,Department of Defense,NIWC PACIFIC,"GENERAL DYNAMICS INFORMATION TECHNOLOGY, INC.",541330,ENGINEERING SERVICES,"$249,743,883.00 ",3/3/2021,3/2/2026
N6600121D0057,Department of Defense,NIWC PACIFIC,"LEIDOS, INC.",541330,ENGINEERING SERVICES,"$249,743,883.00 ",3/3/2021,3/2/2026
N6600121D0059,Department of Defense,NIWC PACIFIC,PARSONS GOVERNMENT SERVICES INC.,541330,ENGINEERING SERVICES,"$249,743,883.00 ",3/3/2021,3/2/2026
N6600121D0062,Department of Defense,NIWC PACIFIC,SOLUTE,541330,ENGINEERING SERVICES,"$249,743,883.00 ",3/3/2021,3/2/2026
N6600121D0063,Department of Defense,NIWC PACIFIC,TRANDES CORP,541330,ENGINEERING SERVICES,"$249,743,883.00 ",3/3/2021,3/2/2026
36C10B21D0007,Department of Veterans Affairs,TECHNOLOGY ACQUISITION CENTER NJ (36C10B),"MAGNUM OPUS, LLC",541519,OTHER COMPUTER RELATED SERVICES,"$247,260,000.00 ",3/29/2021,3/28/2026
36C10B21D0006,Department of Veterans Affairs,TECHNOLOGY ACQUISITION CENTER NJ (36C10B),"AGILE SIX APPLICATIONS, INC",541519,OTHER COMPUTER RELATED SERVICES,"$247,260,000.00 ",3/29/2021,3/28/2026
36C10B21D0004,Department of Veterans Affairs,TECHNOLOGY ACQUISITION CENTER NJ (36C10B),"ODDBALL, INC.",541519,OTHER COMPUTER RELATED SERVICES,"$247,260,000.00 ",3/29/2021,3/28/2026
36C10B21D0005,Department of Veterans Affairs,TECHNOLOGY ACQUISITION CENTER NJ (36C10B),COFORMA LLC,541519,OTHER COMPUTER RELATED SERVICES,"$247,260,000.00 ",3/29/2021,3/28/2026
W911SR19D0005,Department of Defense,W6QK ACC-APG,AVON PROTECTION SYSTEMS INCORPORATED,339113,SURGICAL APPLIANCE AND SUPPLIES MANUFACTURING,"$245,961,250.00 ",3/25/2019,3/24/2026
W9124J21D0002,Department of Defense,W6QM MICC-FT LEONARD WOOD,MISSOURI DEPARTMENT OF SOCIAL SERVICES,722310,FOOD SERVICE CONTRACTORS,"$244,948,976.38 ",4/1/2021,3/31/2026
GS35F249DA,General Services Administration,GSA/FAS CENTER FOR IT SCHEDULE PROG,HYLAND SOFTWARE INC,511210,SOFTWARE PUBLISHERS,"$236,842,261.00 ",4/1/2016,3/31/2026
GS07F0403X,General Services Administration,"GSA/FAS/GSS/QSCA, MULTIPLE AWARD SCHEDULE CONTRACTING DIVISION",GARNER ENVIRONMENTAL SERVICES INC,611430,PROFESSIONAL AND MANAGEMENT DEVELOPMENT TRAINING,"$234,226,575.00 ",4/1/2011,3/31/2026
47QRAA21D003Z,General Services Administration,GSA/FAS/PSHC/PROF SRVCS SCHED-PSS,ARES CORPORATION,541330,ENGINEERING SERVICES,"$230,000,000.00 ",3/25/2021,3/24/2026
W911W621D0001,Department of Defense,W6QK AATD CONTR OFF,SIKORSKY AIRCRAFT CORPORATION,541715,"RESEARCH AND DEVELOPMENT IN THE PHYSICAL, ENGINEERING, AND LIFE SCIENCES (EXCEPT NANOTECHNOLOGY AND BIOTECHNOLOGY)","$225,939,483.00 ",3/22/2021,3/21/2026
N0042121D0018,Department of Defense,NAVAL AIR WARFARE CENTER AIR DIV,BAE SYSTEMS TECHNOLOGY SOLUTIONS & SERVICES INC.,541330,ENGINEERING SERVICES,"$224,544,273.78 ",5/4/2021,3/22/2026
693JJ921D000010,Department of Transportation,693JJ9 NHTSA OFFICE OF ACQUISTION,"ASSURED INFORMATION SECURITY, INC.",541380,TESTING LABORATORIES AND SERVICES,"$217,750,000.00 ",3/17/2021,3/14/2026
N6945018D2013,Department of Defense,NAVFACSYSCOM SOUTHEAST,PENSACOLA BAY SUPPORT SERVICES LLC,561210,FACILITIES SUPPORT SERVICES,"$210,871,441.73 ",1/31/2018,3/31/2026
GS03F084DA,General Services Administration,"GSA/FAS/GSS/QSCA, MULTIPLE AWARD SCHEDULE CONTRACTING DIVISION",KRUG INC,337211,WOOD OFFICE FURNITURE MANUFACTURING,"$205,616,384.00 ",4/1/2016,3/31/2026
47QTSA25A0063,General Services Administration,GSA/NATL INFO TECH PROGRAM (NITCP),"KOLLABIO, INC.",541512,COMPUTER SYSTEMS DESIGN SERVICES,"$203,000,000.00 ",5/14/2025,3/6/2026
47QTSA25A0049,General Services Administration,GSA/NATL INFO TECH PROGRAM (NITCP),GOLDEN IT LLC,541511,CUSTOM COMPUTER PROGRAMMING SERVICES,"$203,000,000.00 ",5/2/2025,3/6/2026
2032H521A00015,Department of the Treasury,IT STRATEGY AND MODERNIZATION,"ECS FEDERAL, LLC",541511,CUSTOM COMPUTER PROGRAMMING SERVICES,"$202,475,486.01 ",3/11/2021,3/10/2026
2032H521A00014,Department of the Treasury,IT STRATEGY AND MODERNIZATION,VARIQ CORPORATION,511199,ALL OTHER PUBLISHERS,"$202,475,486.01 ",3/11/2021,3/10/2026
FA255019DA002,Department of Defense,FA2550  50 CONS PKP,"MEDVOLT, LLC",237310,"HIGHWAY, STREET, AND BRIDGE CONSTRUCTION","$200,000,000.00 ",2/22/2019,3/1/2026
47QFPA22D0003,General Services Administration,GSA FAS AAS REGION 9,"LEIDOS, INC.",541330,ENGINEERING SERVICES,"$200,000,000.00 ",4/1/2022,3/31/2026
FA255019DA003,Department of Defense,FA2550  50 CONS PKP,"OLGOONIK ENTERPRISES, LLC",237310,"HIGHWAY, STREET, AND BRIDGE CONSTRUCTION","$200,000,000.00 ",2/22/2019,3/1/2026
FA255019DA001,Department of Defense,FA2550  50 CONS PKP,"ALEUT FIELD SERVICES, LLC",237310,"HIGHWAY, STREET, AND BRIDGE CONSTRUCTION","$200,000,000.00 ",2/25/2019,3/1/2026
FA255019DA006,Department of Defense,FA2550  50 CONS PKP,T1-AVERY,237310,"HIGHWAY, STREET, AND BRIDGE CONSTRUCTION","$200,000,000.00 ",2/22/2019,3/1/2026
FA852721D0003,Department of Defense,FA8527  AFLCMC HBKB,RAYTHEON COMPANY,541330,ENGINEERING SERVICES,"$196,759,697.00 ",3/9/2021,3/1/2026
H9224117D0003,Department of Defense,AMSAM-SPK,CRUZ ASSOCIATES INC.,541330,ENGINEERING SERVICES,"$190,000,000.00 ",4/1/2017,3/31/2026
2032H523A00007,Department of the Treasury,IT STRATEGY AND MODERNIZATION,CARAHSOFT TECHNOLOGY CORP,511210,SOFTWARE PUBLISHERS,"$186,673,228.11 ",3/15/2023,3/14/2026
W912DQ20D3008,Department of Defense,W071 ENDIST KANSAS CITY,CDM A JOINT VENTURE,562910,REMEDIATION SERVICES,"$185,000,000.00 ",9/2/2020,3/1/2026
W912DQ20D3009,Department of Defense,W071 ENDIST KANSAS CITY,ECC ENVIRONMENTAL LLC,562910,REMEDIATION SERVICES,"$185,000,000.00 ",9/2/2020,3/1/2026
W912DQ20D3010,Department of Defense,W071 ENDIST KANSAS CITY,"SEVENSON ENVIRONMENTAL SERVICES, INC.",562910,REMEDIATION SERVICES,"$185,000,000.00 ",9/2/2020,3/1/2026
W912DQ20D3012,Department of Defense,W071 ENDIST KANSAS CITY,WESTON SOLUTIONS INC,562910,REMEDIATION SERVICES,"$185,000,000.00 ",9/2/2020,3/1/2026
W912DQ20D3007,Department of Defense,W071 ENDIST KANSAS CITY,CAPE-CABRERA JV LLC,562910,REMEDIATION SERVICES,"$185,000,000.00 ",9/2/2020,3/1/2026
W912DQ20D3006,Department of Defense,W071 ENDIST KANSAS CITY,VERSAR-ER JV,562910,REMEDIATION SERVICES,"$185,000,000.00 ",9/2/2020,3/1/2026
W912DQ20D3011,Department of Defense,W071 ENDIST KANSAS CITY,"TETRA TECH EC, INC.",562910,REMEDIATION SERVICES,"$185,000,000.00 ",9/2/2020,3/1/2026
W912DQ20D3004,Department of Defense,W071 ENDIST KANSAS CITY,"AECOM TECHNICAL SERVICES, INC.",562910,REMEDIATION SERVICES,"$185,000,000.00 ",9/2/2020,3/1/2026
W912DQ20D3005,Department of Defense,W071 ENDIST KANSAS CITY,"APTIM FEDERAL SERVICES, LLC",562910,REMEDIATION SERVICES,"$185,000,000.00 ",9/2/2020,3/1/2026
47QTCA21D0077,General Services Administration,GSA/FAS CENTER FOR IT SCHEDULE PROG,"OPTUMSERVE TECHNOLOGY SERVICES, INC.",541519,OTHER COMPUTER RELATED SERVICES,"$170,980,450.00 ",3/25/2021,3/24/2026
80ARC021D0001,National Aeronautics and Space Administration,NASA AMES RESEARCH CENTER,"MILLENNIUM ENGINEERING AND INTEGRATION SERVICES, LLC",541715,"RESEARCH AND DEVELOPMENT IN THE PHYSICAL, ENGINEERING, AND LIFE SCIENCES (EXCEPT NANOTECHNOLOGY AND BIOTECHNOLOGY)","$169,448,097.07 ",1/31/2021,3/31/2026
SS000760066,Social Security Administration,SSA OFC OF ACQUISITION  GRANTS,"AVAYA FEDERAL SOLUTIONS, INC",517110,WIRED TELECOMMUNICATIONS CARRIERS,"$168,459,751.75 ",7/30/2007,3/4/2026
36C10X21D0007,Department of Veterans Affairs,SAC FREDERICK (36C10X),"CPS PROFESSIONAL SERVICES, LLC",541611,ADMINISTRATIVE MANAGEMENT AND GENERAL MANAGEMENT CONSULTING SERVICES,"$159,000,000.00 ",4/1/2021,3/31/2026
15B70022D00000020,Department of Justice,NATIONAL ACQUISITIONS - CO,"NORTH ARROW, INC.",541310,ARCHITECTURAL SERVICES,"$150,500,000.00 ",3/23/2022,3/22/2026
N6660421DA000,Department of Defense,NUWC DIV NEWPORT,"LEIDOS, INC.",541330,ENGINEERING SERVICES,"$149,238,311.00 ",11/6/2020,3/30/2026
N6833521D0048,Department of Defense,NAVAIR WARFARE CTR AIRCRAFT DIV,STANDARD AERO (SAN ANTONIO) INC.,336412,AIRCRAFT ENGINE AND ENGINE PARTS MANUFACTURING,"$148,948,945.00 ",3/22/2021,3/21/2026
70Z02322D34100002,Department of Homeland Security,LOG-9,"AHTNA PROFESSIONAL SERVICES, INC.",561612,SECURITY GUARDS AND PATROL SERVICES,"$144,308,971.79 ",4/1/2022,3/31/2026
SAQMMA17D0134,Department of State,ACQUISITIONS - AQM MOMENTUM,"LINXX GLOBAL SOLUTIONS, LLC",541690,OTHER SCIENTIFIC AND TECHNICAL CONSULTING SERVICES,"$141,664,744.00 ",9/20/2017,3/26/2026
SAQMMA17D0135,Department of State,ACQUISITIONS - AQM MOMENTUM,ACADEMI TRAINING CENTER LLC,541690,OTHER SCIENTIFIC AND TECHNICAL CONSULTING SERVICES,"$141,664,744.00 ",9/20/2017,3/26/2026
FA810123D0001,Department of Defense,FA8101  AFSC PZIOA,"DALE ROGERS TRAINING CENTER, INC.",561720,JANITORIAL SERVICES,"$139,620,698.00 ",4/1/2023,3/31/2026
19AQMM21D0050,Department of State,ACQUISITIONS - AQM MOMENTUM,CREATIVEIT SOLUTIONS LLC,541611,ADMINISTRATIVE MANAGEMENT AND GENERAL MANAGEMENT CONSULTING SERVICES,"$138,750,000.00 ",3/29/2021,3/28/2026
GS00F096DA,General Services Administration,GSA/FAS/PSHC/PROF SRVCS SCHED-PSS,"NOBLIS, INC.",541611,ADMINISTRATIVE MANAGEMENT AND GENERAL MANAGEMENT CONSULTING SERVICES,"$138,620,000.00 ",3/30/2016,3/29/2026
15A00021DAQA00135,Department of Justice,ATF,"EAGLE HARBOR, LLC",518210,"COMPUTING INFRASTRUCTURE PROVIDERS, DATA PROCESSING, WEB HOSTING, AND RELATED SERVICES","$137,610,268.13 ",3/30/2021,3/29/2026
SPE2DE21D0018,Department of Defense,DLA TROOP SUPPORT,ZIMMER US INC,423450,"MEDICAL, DENTAL, AND HOSPITAL EQUIPMENT AND SUPPLIES MERCHANT WHOLESALERS","$134,789,120.00 ",3/25/2021,3/24/2026
36C10G24D0058,Department of Veterans Affairs,STRATEGIC ACQUISITION CENTER FREDERICKSBURG (36C10G),"BIOSENSE WEBSTER, INC.",339112,SURGICAL AND MEDICAL INSTRUMENT MANUFACTURING,"$133,997,273.38 ",4/1/2024,3/31/2026
SPE60722D0063,Department of Defense,DLA ENERGY,"FREEMAN HOLDINGS OF RIVERSIDE, L.L.C.",324110,PETROLEUM REFINERIES,"$123,404,224.72 ",7/1/2022,3/31/2026
SPE8EC21D0078,Department of Defense,DLA TROOP SUPPORT,"AMERICAN MATERIAL HANDLING, INC.",333120,CONSTRUCTION MACHINERY MANUFACTURING,"$121,890,993.00 ",3/25/2021,3/24/2026
70RWMD21D00000002,Department of Homeland Security,CWMD ACQ DIV,"MIRION TECHNOLOGIES (CANBERRA), INC.",334519,OTHER MEASURING AND CONTROLLING DEVICE MANUFACTURING,"$121,402,162.56 ",3/3/2021,3/2/2026
47QSCC20D0012,General Services Administration,GSA/FAS/GSS/QSCBA/SPECIAL CONTRACTING BRANCH A AND QSCBB SPECIAL CONTRACTING BRANCH B,SUPPLYCORE LLC,493190,OTHER WAREHOUSING AND STORAGE,"$118,510,124.00 ",9/14/2020,3/13/2026
36F79719D0205,Department of Veterans Affairs,NAC FEDERAL SUPPLY SCHEDULE (36F797),"JAZZ PHARMACEUTICALS, INC",325412,PHARMACEUTICAL PREPARATION MANUFACTURING,"$116,000,000.00 ",8/15/2019,3/14/2026
SPE30021D3307,Department of Defense,DLA TROOP SUPPORT,US FOODS INC,311812,COMMERCIAL BAKERIES,"$114,700,000.00 ",2/5/2021,3/19/2026
GS35F248DA,General Services Administration,GSA/FAS CENTER FOR IT SCHEDULE PROG,"GENEVA SOFTWARE, INC.",541511,CUSTOM COMPUTER PROGRAMMING SERVICES,"$114,386,820.00 ",3/30/2016,3/29/2026
80HQTR21D0003,National Aeronautics and Space Administration,NASA HEADQUARTERS,"AGILE DECISION SCIENCES, LLC",541330,ENGINEERING SERVICES,"$113,524,995.52 ",4/1/2021,3/31/2026
2032H521A00016,Department of the Treasury,IT STRATEGY AND MODERNIZATION,"TRUETANDEM, LLC",313311,BROADWOVEN FABRIC FINISHING MILLS,"$111,884,213.37 ",3/11/2021,3/10/2026
693JJ921D000018,Department of Transportation,693JJ9 NHTSA OFFICE OF ACQUISTION,TRANSPORTATION RESEARCH CENTER INC,541380,TESTING LABORATORIES AND SERVICES,"$110,000,000.00 ",3/19/2021,3/14/2026
693JJ921D000009,Department of Transportation,693JJ9 NHTSA OFFICE OF ACQUISTION,AMERICAN CENTER FOR MOBILITY,541380,TESTING LABORATORIES AND SERVICES,"$110,000,000.00 ",3/17/2021,3/14/2026
693JJ921D000012,Department of Transportation,693JJ9 NHTSA OFFICE OF ACQUISTION,"DYNAMIC RESEARCH, INC",541380,TESTING LABORATORIES AND SERVICES,"$110,000,000.00 ",3/11/2021,3/14/2026
36F79721D0012,Department of Veterans Affairs,NAC FEDERAL SUPPLY SCHEDULE (36F797),"THE ROYSTER GROUP, INC.",561320,TEMPORARY HELP SERVICES,"$110,000,000.00 ",3/15/2021,3/14/2026
693JJ921D000017,Department of Transportation,693JJ9 NHTSA OFFICE OF ACQUISTION,VIRGINIA POLYTECHNIC INSTITUTE & STATE UNIVERSITY,541380,TESTING LABORATORIES AND SERVICES,"$110,000,000.00 ",4/1/2021,3/14/2026
693JJ921D000013,Department of Transportation,693JJ9 NHTSA OFFICE OF ACQUISTION,EXPONENT INC,541380,TESTING LABORATORIES AND SERVICES,"$110,000,000.00 ",4/29/2021,3/14/2026
693JJ921D000016,Department of Transportation,693JJ9 NHTSA OFFICE OF ACQUISTION,REGENTS OF THE UNIVERSITY OF MICHIGAN,541380,TESTING LABORATORIES AND SERVICES,"$110,000,000.00 ",4/2/2021,3/14/2026
HC102824A0002,Department of Defense,IT CONTRACTING DIVISION - PL83,BOOZ ALLEN HAMILTON INC,541511,CUSTOM COMPUTER PROGRAMMING SERVICES,"$100,000,000.00 ",3/15/2024,3/14/2026
HQ003421D0009,Department of Defense,WASHINGTON HEADQUARTERS SERVICES,"ACUITY-CHS, LLC",621111,OFFICES OF PHYSICIANS (EXCEPT MENTAL HEALTH SPECIALISTS),"$100,000,000.00 ",3/10/2021,3/9/2026
19AQMM22D0022,Department of State,ACQUISITIONS - AQM MOMENTUM,"CAYUSE NATIVE HAWAIIAN VETERANS, LLC",541519,OTHER COMPUTER RELATED SERVICES,"$100,000,000.00 ",3/28/2022,3/27/2026
N0018921DQ004,Department of Defense,NAVSUP FLT LOG CTR NORFOLK,EAGLE HARBOR SOLUTIONS LLC,541511,CUSTOM COMPUTER PROGRAMMING SERVICES,"$99,800,000.00 ",4/1/2021,3/31/2026
N0018921DQ002,Department of Defense,NAVSUP FLT LOG CTR NORFOLK,"DIGITAL CONSULTANTS, LLC",541511,CUSTOM COMPUTER PROGRAMMING SERVICES,"$99,800,000.00 ",4/1/2021,3/31/2026
N0018921DQ001,Department of Defense,NAVSUP FLT LOG CTR NORFOLK,INTELLECTECHS INC,541511,CUSTOM COMPUTER PROGRAMMING SERVICES,"$99,800,000.00 ",4/1/2021,3/31/2026
N0018921DQ003,Department of Defense,NAVSUP FLT LOG CTR NORFOLK,"BOWHEAD TOTAL ENTERPRISE SOLUTIONS, LLC",541511,CUSTOM COMPUTER PROGRAMMING SERVICES,"$99,800,000.00 ",4/1/2021,3/31/2026
36C24521A0022,Department of Veterans Affairs,245-NETWORK CONTRACT OFFICE 5 (36C245),"UNIQUE CLEANING SERVICE, INC.",561210,FACILITIES SUPPORT SERVICES,"$99,000,000.00 ",3/8/2021,3/7/2026
FA300223D0004,Department of Defense,FA3002  338 ESS CC,LOCKHEED MARTIN CORPORATION,611512,FLIGHT TRAINING,"$99,000,000.00 ",3/22/2023,3/21/2026
M6785421D8076,Department of Defense,COMMANDER,VALIANT GLOBAL DEFENSE SERVICES INC.,611519,OTHER TECHNICAL AND TRADE SCHOOLS,"$98,882,013.77 ",9/1/2021,3/19/2026
H9240221D0001,Department of Defense,DCMA MANASSAS,L3HARRIS NEXGEN COMMUNICATIONS LLC,334511,"SEARCH, DETECTION, NAVIGATION, GUIDANCE, AERONAUTICAL, AND NAUTICAL SYSTEM AND INSTRUMENT MANUFACTURING","$98,000,000.00 ",3/12/2021,3/11/2026
SPRHA120D0001,Department of Defense,"DLA  AVIATION AT OGDEN, UT",GOODRICH CORPORATION,336413,OTHER AIRCRAFT PARTS AND AUXILIARY EQUIPMENT MANUFACTURING,"$98,000,000.00 ",4/1/2020,3/31/2026
36C77021D0011,Department of Veterans Affairs,NATIONAL CMOP OFFICE (36C770),MCKESSON MEDICAL-SURGICAL GOVERNMENT SOLUTIONS LLC,339112,SURGICAL AND MEDICAL INSTRUMENT MANUFACTURING,"$97,890,279.50 ",4/1/2021,3/31/2026
FA865021D2014,Department of Defense,FA8650  USAF AFMC AFRL PZL AFRL/PZL,"ARCTOS TECHNOLOGY SOLUTIONS, LLC",541715,"RESEARCH AND DEVELOPMENT IN THE PHYSICAL, ENGINEERING, AND LIFE SCIENCES (EXCEPT NANOTECHNOLOGY AND BIOTECHNOLOGY)","$96,000,000.00 ",3/31/2021,3/30/2026
75N92021D00009,Department of Health and Human Services,NATIONAL INSTITUTES OF HEALTH NHLBI,TRAVEL CONCEPTS INC,561510,TRAVEL AGENCIES,"$95,000,000.00 ",3/15/2021,3/14/2026
W912GB20D0023,Department of Defense,W2SD FEST NAU1 EUROPE,JV JOC GERMANY BMS,236220,COMMERCIAL AND INSTITUTIONAL BUILDING CONSTRUCTION,"$95,000,000.00 ",9/24/2020,3/31/2026
75N92020D00022,Department of Health and Human Services,NATIONAL INSTITUTES OF HEALTH NHLBI,"ILLUMINA, INC.",334516,ANALYTICAL LABORATORY INSTRUMENT MANUFACTURING,"$92,416,478.00 ",9/3/2020,3/2/2026
W81K0021D0003,Department of Defense,W40M USA HLTH CONTRACTING ACT,"QUARTERLINE CONSULTING SERVICES, LLC",622210,PSYCHIATRIC AND SUBSTANCE ABUSE HOSPITALS,"$91,250,374.04 ",4/1/2021,3/31/2026
SPE1C123D0036,Department of Defense,DLA TROOP SUPPORT,SAN ANTONIO SHOE INC,316210,FOOTWEAR MANUFACTURING,"$90,590,940.00 ",3/22/2023,3/21/2026
W56HZV21D0008,Department of Defense,W6QK ACC- DTA,"RICARDO DEFENSE, INC.",339999,ALL OTHER MISCELLANEOUS MANUFACTURING,"$89,826,882.00 ",3/16/2021,3/15/2026
70SBUR21D00000002,Department of Homeland Security,USCIS CONTRACTING OFFICE(ERBUR),HID GLOBAL CORP,325211,PLASTICS MATERIAL AND RESIN MANUFACTURING,"$88,260,000.00 ",4/1/2021,3/31/2026
GS10F0168X,General Services Administration,GSA/FAS/PSHC/PROF SRVCS SCHED-PSS,"DEAF ACCESS SOLUTIONS, INC",541930,TRANSLATION AND INTERPRETATION SERVICES,"$87,774,216.00 ",3/29/2011,3/28/2026
SP330021D5002,Department of Defense,DLA DISTRIBUTION,"OLGOONIK FEDERAL, LLC",493110,GENERAL WAREHOUSING AND STORAGE,"$84,996,067.34 ",4/1/2021,3/31/2026
36E79725A0011,Department of Veterans Affairs,NAC PHARMACEUTICALS (36E797),OTSUKA AMERICA PHARMACEUTICAL INC,325412,PHARMACEUTICAL PREPARATION MANUFACTURING,"$83,342,090.00 ",3/27/2025,3/26/2026
70RFP319DE3000005,Department of Homeland Security,FPS EAST CCG DIV 3 ACQ DIV,"KERBEROS INTERNATIONAL, INC.",561612,SECURITY GUARDS AND PATROL SERVICES,"$82,673,697.10 ",12/1/2019,3/31/2026
W58RGZ21D0048,Department of Defense,W6QK ACC-RSA,"ROBERTSON FUEL SYSTEMS, L.L.C.",336413,OTHER AIRCRAFT PARTS AND AUXILIARY EQUIPMENT MANUFACTURING,"$82,018,990.00 ",3/31/2021,3/31/2026
SPE1C122DB122,Department of Defense,DLA TROOP SUPPORT,SAN ANTONIO LIGHTHOUSE FOR THE BLIND,315210,CUT AND SEW APPAREL CONTRACTORS,"$81,387,763.50 ",3/10/2025,3/11/2026
70T04021A7672N003,Department of Homeland Security,CONTRACTING AND PROCUREMENT,"ANALYTICAL SERVICES & MATERIALS, INC.",541330,ENGINEERING SERVICES,"$81,000,000.00 ",9/28/2021,3/5/2026
28321324D00060010,Social Security Administration,SSA OFC OF ACQUISITION  GRANTS,ACCENTURE FEDERAL SERVICES LLC,513210,SOFTWARE PUBLISHERS,"$80,927,772.69 ",3/15/2024,3/14/2026
GS35F247DA,General Services Administration,GSA/FAS CENTER FOR IT SCHEDULE PROG,"A & T SYSTEMS, INC.",541519,OTHER COMPUTER RELATED SERVICES,"$80,100,000.00 ",3/31/2016,3/30/2026
M6785421D1876,Department of Defense,COMMANDER,WULCO INC,336992,"MILITARY ARMORED VEHICLE, TANK, AND TANK COMPONENT MANUFACTURING","$79,997,984.06 ",3/30/2021,3/29/2026
36C24622D0026,Department of Veterans Affairs,246-NETWORK CONTRACTING OFFICE 6 (36C246),VALOR HEALTHCARE INC,621498,ALL OTHER OUTPATIENT CARE CENTERS,"$79,748,484.92 ",3/1/2022,3/31/2026
70Z02322D34100001,Department of Homeland Security,LOG-9,TATITLEK FEDERAL SERVICES INC,561612,SECURITY GUARDS AND PATROL SERVICES,"$78,541,379.79 ",5/1/2022,3/31/2026
N0040622D0002,Department of Defense,NAVSUP FLT LOG CTR PUGET SOUND,"FINCANTIERI MARINE SYSTEMS NORTH AMERICA, INC.",336611,SHIP BUILDING AND REPAIRING,"$77,605,845.37 ",3/3/2022,3/9/2026
FA520921D0008,Department of Defense,FA5209  374 CONS PK,HAWORTH JAPAN LLC,337214,OFFICE FURNITURE (EXCEPT WOOD) MANUFACTURING,"$75,000,000.00 ",4/1/2021,3/25/2026
FA520921D0009,Department of Defense,FA5209  374 CONS PK,"NEXUS DL. CO., LTD.",337214,OFFICE FURNITURE (EXCEPT WOOD) MANUFACTURING,"$75,000,000.00 ",4/1/2021,3/31/2026
FA520921D0006,Department of Defense,FA5209  374 CONS PK,OKAMURA CORPORATION,337214,OFFICE FURNITURE (EXCEPT WOOD) MANUFACTURING,"$75,000,000.00 ",4/1/2021,3/25/2026
FA520921D0007,Department of Defense,FA5209  374 CONS PK,"DONGYANG CO., LTD",337214,OFFICE FURNITURE (EXCEPT WOOD) MANUFACTURING,"$75,000,000.00 ",4/1/2021,3/25/2026
GS27F016DA,General Services Administration,"GSA/FAS/GSS/QSCA, MULTIPLE AWARD SCHEDULE CONTRACTING DIVISION","DAVIS FURNITURE INDUSTRIES, INC",337211,WOOD OFFICE FURNITURE MANUFACTURING,"$75,000,000.00 ",3/10/2016,3/9/2026
FA520921D0010,Department of Defense,FA5209  374 CONS PK,"NOGAWA FURNITURE CENTER, Y.K.",337214,OFFICE FURNITURE (EXCEPT WOOD) MANUFACTURING,"$75,000,000.00 ",4/1/2021,3/25/2026
FA520921D0013,Department of Defense,FA5209  374 CONS PK,"UCHIDA YOKO CO., LTD.",337214,OFFICE FURNITURE (EXCEPT WOOD) MANUFACTURING,"$75,000,000.00 ",4/1/2021,3/25/2026
FA520921D0016,Department of Defense,FA5209  374 CONS PK,"NEW ENGLAND WOODCRAFT, INC.",337214,OFFICE FURNITURE (EXCEPT WOOD) MANUFACTURING,"$75,000,000.00 ",4/1/2021,3/25/2026
FA520921D0015,Department of Defense,FA5209  374 CONS PK,"AD JAPAN CO., LTD.",337214,OFFICE FURNITURE (EXCEPT WOOD) MANUFACTURING,"$75,000,000.00 ",4/1/2021,3/31/2026
FA520921D0011,Department of Defense,FA5209  374 CONS PK,"SEKI FURNITURE CO.,LTD.",337214,OFFICE FURNITURE (EXCEPT WOOD) MANUFACTURING,"$75,000,000.00 ",4/1/2021,3/25/2026
FA520921D0012,Department of Defense,FA5209  374 CONS PK,NANCY'S CO.LTD.,337214,OFFICE FURNITURE (EXCEPT WOOD) MANUFACTURING,"$75,000,000.00 ",4/1/2021,3/25/2026
FA520921D0014,Department of Defense,FA5209  374 CONS PK,"BIF GLOBAL CO.,LTD",337214,OFFICE FURNITURE (EXCEPT WOOD) MANUFACTURING,"$75,000,000.00 ",4/1/2021,3/31/2026
FA520921D0005,Department of Defense,FA5209  374 CONS PK,KNOLL JAPAN INC.,337214,OFFICE FURNITURE (EXCEPT WOOD) MANUFACTURING,"$75,000,000.00 ",4/1/2021,3/31/2026
FA812221D0002,Department of Defense,FA8122  AFSC PZAAB,CHROMALLOY COMPONENT SERVICES INC,336412,AIRCRAFT ENGINE AND ENGINE PARTS MANUFACTURING,"$74,632,104.00 ",2/9/2021,3/10/2026
SPE60722D0097,Department of Defense,DLA ENERGY,IMPERIAL FLYING SERVICE INC,324110,PETROLEUM REFINERIES,"$74,208,789.44 ",8/1/2022,3/31/2026
FA852821D0003,Department of Defense,FA8528  AFLCMC WIKA,MISSION SYSTEMS ORCHARD PARK INC,541330,ENGINEERING SERVICES,"$73,360,000.00 ",3/12/2021,3/11/2026
SP330021D5001,Department of Defense,DLA DISTRIBUTION,"ACCENT CONTROLS, INC.",493110,GENERAL WAREHOUSING AND STORAGE,"$72,964,899.60 ",4/1/2021,3/31/2026
GS03F070DA,General Services Administration,"GSA/FAS/GSS/QSCA, MULTIPLE AWARD SCHEDULE CONTRACTING DIVISION","AMENTUM SERVICES, INC.",541611,ADMINISTRATIVE MANAGEMENT AND GENERAL MANAGEMENT CONSULTING SERVICES,"$72,834,384.00 ",3/10/2016,3/9/2026
70LGLY25DGLB00009,Department of Homeland Security,FLETC GLYNCO PROCUREMENT OFFICE,CHENEGA NASWIK INTERNATIONAL LLC,561612,SECURITY GUARDS AND PATROL SERVICES,"$72,287,774.37 ",5/12/2025,3/31/2026
W81K0421D0004,Department of Defense,W40M MRCO EAST,"INVICTA GLOBAL, LLC",561720,JANITORIAL SERVICES,"$72,020,267.13 ",3/15/2021,3/14/2026
47QRAA21D0038,General Services Administration,"GSA/FAS/GSS/QSCA, MULTIPLE AWARD SCHEDULE CONTRACTING DIVISION",CBRE INC,531210,OFFICES OF REAL ESTATE AGENTS AND BROKERS,"$70,575,000.00 ",3/3/2021,3/2/2026
W9124J21D0003,Department of Defense,W6QM MICC-JB LEWIS-MC CHORD,"GLOBAL CONNECTIONS TO EMPLOYMENT, INC.",561720,JANITORIAL SERVICES,"$69,286,270.21 ",3/31/2021,3/29/2026
28321320D00060011,Social Security Administration,SSA OFC OF ACQUISITION  GRANTS,YORK TELECOM CORP,517911,TELECOMMUNICATIONS RESELLERS,"$68,000,000.00 ",7/15/2020,3/10/2026
FA850422D0003,Department of Defense,FA8504  AFLCMC WLNKA,"TYONEK SERVICES OVERHAUL FACILITY-STENNIS, LLC",336413,OTHER AIRCRAFT PARTS AND AUXILIARY EQUIPMENT MANUFACTURING,"$67,770,283.88 ",3/3/2022,3/2/2026
HT001121A0001,Department of Defense,DEFENSE HEALTH AGENCY,"KREATIVE TECHNOLOGIES, LLC",541512,COMPUTER SYSTEMS DESIGN SERVICES,"$67,000,000.00 ",7/16/2021,3/10/2026
SPE60722D0076,Department of Defense,DLA ENERGY,"MCCLELLAN JET SERVICES, LLC",324110,PETROLEUM REFINERIES,"$65,377,581.42 ",7/1/2022,3/31/2026
68HE0121D0005,Environmental Protection Agency,REGION 1 CONTRACTING OFFICE,ENVIRONMENTAL RESTORATION LLC,562910,REMEDIATION SERVICES,"$64,753,291.52 ",3/11/2021,3/10/2026
47PN0323A0001,General Services Administration,PBS ACQ CENTER FACILITY MGMT SERVICES - R3,DAE SUNG LLC,561210,FACILITIES SUPPORT SERVICES,"$63,924,713.43 ",4/1/2023,3/31/2026
W9124P21D0001,Department of Defense,W6QK ACC-RSA,HUNTSVILLE REHABILITATION FOUNDATION,561730,LANDSCAPING SERVICES,"$63,210,732.06 ",4/1/2021,3/2/2026
GS07F081DA,General Services Administration,"GSA/FAS/GSS/QSCA, MULTIPLE AWARD SCHEDULE CONTRACTING DIVISION",SMITHS DETECTION INC.,334519,OTHER MEASURING AND CONTROLLING DEVICE MANUFACTURING,"$61,076,477.00 ",3/15/2016,3/14/2026
15BRRC24D00000027,Department of Justice,RESIDENTIAL REENTRY - CO,DISMAS HOUSE OF ST LOUIS,623990,OTHER RESIDENTIAL CARE FACILITIES,"$60,922,640.40 ",4/1/2024,3/31/2026
36C26223D0007,Department of Veterans Affairs,262-NETWORK CONTRACT OFFICE 22 (36C262),"MID-CITIES HOME MEDICAL DELIVERY SERVICE, L.L.C.",621610,HOME HEALTH CARE SERVICES,"$60,000,000.00 ",1/1/2023,3/31/2026
W91QVN21D0031,Department of Defense,0411 AQ HQ     CONTRACT AUG,"GEUMJANG CONSTRUCTION CO.,LTD",236220,COMMERCIAL AND INSTITUTIONAL BUILDING CONSTRUCTION,"$60,000,000.00 ",4/1/2021,3/31/2026
N6247320D0022,Department of Defense,NAVFACSYSCOM SOUTHWEST,GULF SOUTH RESEARCH CORP,541690,OTHER SCIENTIFIC AND TECHNICAL CONSULTING SERVICES,"$60,000,000.00 ",3/2/2020,3/1/2026
N6247320D0021,Department of Defense,NAVFACSYSCOM SOUTHWEST,VERNADERO GROUP INC,541690,OTHER SCIENTIFIC AND TECHNICAL CONSULTING SERVICES,"$60,000,000.00 ",3/2/2020,3/1/2026
N6247320D0024,Department of Defense,NAVFACSYSCOM SOUTHWEST,HERCULES JV,541690,OTHER SCIENTIFIC AND TECHNICAL CONSULTING SERVICES,"$60,000,000.00 ",3/2/2020,3/1/2026
W91QVN21D0033,Department of Defense,0411 AQ HQ     CONTRACT AUG,"HYUNDAI LIVART FURNITURE CO.,LTD.",236220,COMMERCIAL AND INSTITUTIONAL BUILDING CONSTRUCTION,"$60,000,000.00 ",4/1/2021,3/31/2026
N6247320D0023,Department of Defense,NAVFACSYSCOM SOUTHWEST,"BIORESOURCE CONSULTANTS, INC",541690,OTHER SCIENTIFIC AND TECHNICAL CONSULTING SERVICES,"$60,000,000.00 ",3/2/2020,3/1/2026
GS35F222DA,General Services Administration,GSA/FAS/PSHC/PROF SRVCS SCHED-PSS,"POTOMACWAVE CONSULTING, INC.",541519,OTHER COMPUTER RELATED SERVICES,"$59,445,196.00 ",3/10/2016,3/9/2026
W9115121D0003,Department of Defense,W6QM MICC-FDO FT CAVAZOS,"WESTECH INTERNATIONAL, INC.",561210,FACILITIES SUPPORT SERVICES,"$58,805,487.00 ",3/1/2021,3/31/2026
N4425520D5018,Department of Defense,NAVFACSYSCOM NORTHWEST,"PROSECURE, LLC",561612,SECURITY GUARDS AND PATROL SERVICES,"$58,285,072.89 ",10/1/2020,3/31/2026
GS35F0290X,General Services Administration,GSA/FAS CENTER FOR IT SCHEDULE PROG,"UNICOM GOVERNMENT, INC.",541519,OTHER COMPUTER RELATED SERVICES,"$56,777,418.00 ",3/21/2011,3/20/2026
36E79725D0015,Department of Veterans Affairs,NAC PHARMACEUTICALS (36E797),"GOLDEN STATE MEDICAL SUPPLY, INC.",325412,PHARMACEUTICAL PREPARATION MANUFACTURING,"$56,652,371.05 ",4/1/2025,3/31/2026
15B41121D00000036,Department of Justice,FCI PEKIN,"INTEGRATED MEDICAL SOLUTIONS, LLC",622110,GENERAL MEDICAL AND SURGICAL HOSPITALS,"$56,637,720.24 ",3/1/2021,3/31/2026
36E79721D0001,Department of Veterans Affairs,NAC PHARMACEUTICALS (36E797),"GOLDEN STATE MEDICAL SUPPLY, INC.",325412,PHARMACEUTICAL PREPARATION MANUFACTURING,"$56,233,029.00 ",4/1/2021,3/31/2026
15UC0C21D00001101,Department of Justice,"FEDERAL PRISON INDUSTRIES, INC","KRUEGER INTERNATIONAL, INC.",337211,WOOD OFFICE FURNITURE MANUFACTURING,"$55,803,383.09 ",4/1/2021,3/31/2026
SPE60722D0096,Department of Defense,DLA ENERGY,"FREEMAN HOLDINGS OF HAWAII, LLC",324110,PETROLEUM REFINERIES,"$55,291,616.29 ",8/1/2022,3/31/2026
W912ER22D0008,Department of Defense,W31R ENDIS MIDDLE EAST,AMERICAN INTERNATIONAL CONTRACTORS INC,236220,COMMERCIAL AND INSTITUTIONAL BUILDING CONSTRUCTION,"$55,000,000.00 ",4/1/2023,3/31/2026
47QSWC25A0002,General Services Administration,GSA/FAS/GSS/QSCBD/ASSISTED CONTRACTING BRANCH B,"AAR MANUFACTURING, INC.",332311,PREFABRICATED METAL BUILDING AND COMPONENT MANUFACTURING,"$55,000,000.00 ",3/19/2025,3/18/2026
N0017421D0019,Department of Defense,NSWC INDIAN HEAD DIVISION,"FOSTER-MILLER, INC.",811310,COMMERCIAL AND INDUSTRIAL MACHINERY AND EQUIPMENT (EXCEPT AUTOMOTIVE AND ELECTRONIC) REPAIR AND MAINTENANCE,"$54,884,094.40 ",3/18/2021,3/17/2026
36E79725D0006,Department of Veterans Affairs,NAC PHARMACEUTICALS (36E797),SEQIRUS USA INC,325412,PHARMACEUTICAL PREPARATION MANUFACTURING,"$51,637,946.01 ",3/15/2025,3/14/2026
W912QR21D0025,Department of Defense,W072 ENDIST LOUISVILLE,POND-TETRA TECH JV LP,541330,ENGINEERING SERVICES,"$51,000,000.00 ",3/12/2021,3/11/2026
W912QR21D0022,Department of Defense,W072 ENDIST LOUISVILLE,JACOBS GOVERNMENT SERVICES COMPANY,541330,ENGINEERING SERVICES,"$51,000,000.00 ",3/12/2021,3/11/2026
W912QR21D0023,Department of Defense,W072 ENDIST LOUISVILLE,THE MASON & HANGER GROUP INC.,541330,ENGINEERING SERVICES,"$51,000,000.00 ",3/12/2021,3/11/2026
W912QR21D0026,Department of Defense,W072 ENDIST LOUISVILLE,"RSP ARCHITECTS, LIMITED",541330,ENGINEERING SERVICES,"$51,000,000.00 ",3/12/2021,3/11/2026
W912QR21D0024,Department of Defense,W072 ENDIST LOUISVILLE,"MICHAEL BAKER INTERNATIONAL, INC.",541330,ENGINEERING SERVICES,"$51,000,000.00 ",3/12/2021,3/11/2026
N0018920D0027,Department of Defense,NAVSUP FLT LOG CTR NORFOLK,"NEXAGEN NETWORKS, INC.",541512,COMPUTER SYSTEMS DESIGN SERVICES,"$50,838,164.00 ",9/1/2020,3/10/2026
36C10F22D0007,Department of Veterans Affairs,OFFICE OF CONSTRUCTION &  FACILITIES MGMT (36C10F),"LELAND SAYLOR & ASSOCIATES, INC",541330,ENGINEERING SERVICES,"$50,000,000.00 ",3/31/2022,3/30/2026
75F40122D00031,Department of Health and Human Services,FDA OFFICE OF ACQ  GRANT SVCS,"LABORATORY EQUIPMENT SERVICE, LLC",811219,OTHER ELECTRONIC AND PRECISION EQUIPMENT REPAIR AND MAINTENANCE,"$50,000,000.00 ",9/29/2022,3/31/2026
36C10F22D0013,Department of Veterans Affairs,OFFICE OF CONSTRUCTION &  FACILITIES MGMT (36C10F),VALI COOPER INTERNATIONAL LLC,541330,ENGINEERING SERVICES,"$50,000,000.00 ",3/31/2022,3/30/2026
36C10F22D0002,Department of Veterans Affairs,OFFICE OF CONSTRUCTION &  FACILITIES MGMT (36C10F),"CHUBB CONSULTING GROUP, LLC",541330,ENGINEERING SERVICES,"$50,000,000.00 ",3/31/2022,3/30/2026
36C10F22D0010,Department of Veterans Affairs,OFFICE OF CONSTRUCTION &  FACILITIES MGMT (36C10F),SA3 CONSTRUCTION MANAGEMENT LLC,541330,ENGINEERING SERVICES,"$50,000,000.00 ",3/31/2022,3/30/2026
36C10F22D0012,Department of Veterans Affairs,OFFICE OF CONSTRUCTION &  FACILITIES MGMT (36C10F),SSPC LLC,541330,ENGINEERING SERVICES,"$50,000,000.00 ",3/31/2022,3/30/2026
36C10F22D0006,Department of Veterans Affairs,OFFICE OF CONSTRUCTION &  FACILITIES MGMT (36C10F),ISI-MARKON JV LLC,541330,ENGINEERING SERVICES,"$50,000,000.00 ",3/31/2022,3/30/2026
36C10F22D0004,Department of Veterans Affairs,OFFICE OF CONSTRUCTION &  FACILITIES MGMT (36C10F),"DAV ENERGY SOLUTIONS, INC.",541330,ENGINEERING SERVICES,"$50,000,000.00 ",3/31/2022,3/30/2026
36C10F22D0009,Department of Veterans Affairs,OFFICE OF CONSTRUCTION &  FACILITIES MGMT (36C10F),OCMI INC,541330,ENGINEERING SERVICES,"$50,000,000.00 ",3/31/2022,3/30/2026
GS00P16BSD1211,General Services Administration,NATIONAL UTILITIES,EVERSOURCE ENERGY SERVICE COMPANY,221122,ELECTRIC POWER DISTRIBUTION,"$50,000,000.00 ",3/3/2016,3/2/2026
36C10F22D0014,Department of Veterans Affairs,OFFICE OF CONSTRUCTION &  FACILITIES MGMT (36C10F),ALARES LLC,541330,ENGINEERING SERVICES,"$50,000,000.00 ",3/31/2022,3/30/2026
HHSN271201600001I,Department of Health and Human Services,NATIONAL INSTITUTES OF HEALTH NIDA,"CHARLES RIVER LABORATORIES, INC.",112990,ALL OTHER ANIMAL PRODUCTION,"$50,000,000.00 ",3/9/2016,3/13/2026
36C10F22D0001,Department of Veterans Affairs,OFFICE OF CONSTRUCTION &  FACILITIES MGMT (36C10F),AE WORKS LTD,541330,ENGINEERING SERVICES,"$50,000,000.00 ",3/31/2022,3/30/2026
36C10F22D0003,Department of Veterans Affairs,OFFICE OF CONSTRUCTION &  FACILITIES MGMT (36C10F),COMMANDERS CONCEPTS COMMISSIONING LLC,541330,ENGINEERING SERVICES,"$50,000,000.00 ",3/31/2022,3/30/2026
36C10F22D0005,Department of Veterans Affairs,OFFICE OF CONSTRUCTION &  FACILITIES MGMT (36C10F),GCC & ASSOCIATES LLC,541330,ENGINEERING SERVICES,"$50,000,000.00 ",3/31/2022,3/30/2026
GS00F103DA,General Services Administration,GSA/FAS/PSHC/PROF SRVCS SCHED-PSS,TECHNOMICS INC,541330,ENGINEERING SERVICES,"$50,000,000.00 ",4/1/2016,3/31/2026
47QSWC24A0001,General Services Administration,GSA/FAS/GSS/QSCBD/ASSISTED CONTRACTING BRANCH B,"POINT BLANK ENTERPRISES, INC",334220,RADIO AND TELEVISION BROADCASTING AND WIRELESS COMMUNICATIONS EQUIPMENT MANUFACTURING,"$50,000,000.00 ",3/4/2024,3/3/2026
75N90021A00010,Department of Health and Human Services,NATIONAL INSTITUTES OF HEALTH - CC,GLOBAL DYNAMICS LLC,561320,TEMPORARY HELP SERVICES,"$50,000,000.00 ",4/1/2021,3/31/2026
36C10F22D0008,Department of Veterans Affairs,OFFICE OF CONSTRUCTION &  FACILITIES MGMT (36C10F),LRS FEDERAL LLC,541330,ENGINEERING SERVICES,"$50,000,000.00 ",3/31/2022,3/30/2026
47PK0121D0061,General Services Administration,PBS R9 AMD CAPITAL PROJECTS,"APOLLO CONSTRUCTION COMPANY, INC",236220,COMMERCIAL AND INSTITUTIONAL BUILDING CONSTRUCTION,"$50,000,000.00 ",3/12/2021,3/12/2026
W15QKN21D0028,Department of Defense,W6QK ACC-PICA,"BARRETT FIREARMS MANUFACTURING, INC.",332994,"SMALL ARMS, ORDNANCE, AND ORDNANCE ACCESSORIES MANUFACTURING","$49,977,196.00 ",3/31/2021,3/30/2026
140A2321D0009,Department of the Interior,INDIAN EDUCATION ACQUISITION OFFICE,"ARROW ALLIANCE INDUSTRIES, LLC",519190,ALL OTHER INFORMATION SERVICES,"$49,900,000.00 ",4/1/2021,3/31/2026
W15QKN21D0018,Department of Defense,DCMA MID-ATLANTIC,THE JOHNS HOPKINS UNIVERSITY APPLIED PHYSICS LABORATORY LLC,541715,"RESEARCH AND DEVELOPMENT IN THE PHYSICAL, ENGINEERING, AND LIFE SCIENCES (EXCEPT NANOTECHNOLOGY AND BIOTECHNOLOGY)","$49,781,735.00 ",3/19/2021,3/20/2026
47PJ0025A0001,General Services Administration,PBS R8 ACQUISITION MANAGEMENT DIVISION,PEGASUS SUPPORT SERVICES LLC,561210,FACILITIES SUPPORT SERVICES,"$49,569,893.21 ",4/1/2025,3/31/2026
36C24521A0024,Department of Veterans Affairs,245-NETWORK CONTRACT OFFICE 5 (36C245),HUGHES GROUP LLC,561210,FACILITIES SUPPORT SERVICES,"$49,500,000.00 ",3/8/2021,3/7/2026
36C24521A0021,Department of Veterans Affairs,245-NETWORK CONTRACT OFFICE 5 (36C245),"NINETY FIVE SOUTH, INC",561210,FACILITIES SUPPORT SERVICES,"$49,500,000.00 ",3/8/2021,3/7/2026
140G0120D0021,Department of the Interior,OFC OF ACQUSITION  GRANTS-NATIONAL,CHEROKEE NATION SYSTEM SOLUTIONS LLC,541990,"ALL OTHER PROFESSIONAL, SCIENTIFIC, AND TECHNICAL SERVICES","$49,500,000.00 ",10/1/2020,3/31/2026
75F40120D00043,Department of Health and Human Services,FDA OFFICE OF ACQ  GRANT SVCS,"IHRC, INCORPORATED",541990,"ALL OTHER PROFESSIONAL, SCIENTIFIC, AND TECHNICAL SERVICES","$49,500,000.00 ",9/27/2020,3/29/2026
36C24521A0023,Department of Veterans Affairs,245-NETWORK CONTRACT OFFICE 5 (36C245),HAMHED LLC,561210,FACILITIES SUPPORT SERVICES,"$49,500,000.00 ",3/8/2021,3/7/2026
SPE2DH21D0055,Department of Defense,DLA TROOP SUPPORT,MEDICAL PLACE INC,423450,"MEDICAL, DENTAL, AND HOSPITAL EQUIPMENT AND SUPPLIES MERCHANT WHOLESALERS","$49,400,000.00 ",3/4/2021,3/3/2026
75P00123A00006,Department of Health and Human Services,PROGRAM SUPPORT CENTER ACQ MGMT SVC,DELL FEDERAL SYSTEMS L.P,511210,SOFTWARE PUBLISHERS,"$49,000,000.00 ",4/1/2023,3/31/2026
W15QKN21D0023,Department of Defense,W6QK ACC-PICA,NORTHROP GRUMMAN SYSTEMS CORPORATION,332993,AMMUNITION (EXCEPT SMALL ARMS) MANUFACTURING,"$48,600,000.00 ",3/30/2021,3/29/2026
W15QKN21D0024,Department of Defense,W6QK ACC-PICA,"GENERAL DYNAMICS ORDNANCE & TACTICAL SYSTEMS, INC.",332993,AMMUNITION (EXCEPT SMALL ARMS) MANUFACTURING,"$48,600,000.00 ",3/30/2021,3/29/2026
36E79724D0014,Department of Veterans Affairs,NAC PHARMACEUTICALS (36E797),EXELAN PHARMACEUTICALS INC,325412,PHARMACEUTICAL PREPARATION MANUFACTURING,"$48,442,917.75 ",3/17/2024,3/16/2026
1605C522A0001,Department of Labor,DOL - CAS DIVISION 5 PROCUREMENT,"CONCEPTS, INC.",541810,ADVERTISING AGENCIES,"$48,021,667.90 ",3/2/2022,3/2/2026
68HERC21D0007,Environmental Protection Agency,CINCINNATI ACQUISITION DIV (CAD),EASTERN RESEARCH GROUP INC,541620,ENVIRONMENTAL CONSULTING SERVICES,"$47,800,000.00 ",3/10/2021,3/7/2026
47PJ0024A0003,General Services Administration,PBS R8 ACQUISITION MANAGEMENT DIVISION,"ELECTRONIC METROLOGY LABORATORY, LLC",561210,FACILITIES SUPPORT SERVICES,"$47,644,226.44 ",4/1/2024,3/31/2026
FA857121D0003,Department of Defense,FA8571  MAINT CONTRACTING AFSC PZIM,KEYSIGHT TECHNOLOGIES INC,334515,INSTRUMENT MANUFACTURING FOR MEASURING AND TESTING ELECTRICITY AND ELECTRICAL SIGNALS,"$47,619,781.47 ",3/26/2021,3/25/2026
89303321DEM000057,Department of Energy,EM-ENVIRONMENTAL MGMT CON BUS CTR,RSI SERVICES LLC,562910,REMEDIATION SERVICES,"$47,000,000.00 ",3/9/2021,3/7/2026
SPE60722D0099,Department of Defense,DLA ENERGY,SAN BERNARDINO INTERNATIONAL AIRPORT AUTHORITY,324110,PETROLEUM REFINERIES,"$46,986,742.80 ",8/1/2022,3/31/2026
HQ003421D0010,Department of Defense,WASHINGTON HEADQUARTERS SERVICES,THE MITRE CORPORATION,541611,ADMINISTRATIVE MANAGEMENT AND GENERAL MANAGEMENT CONSULTING SERVICES,"$46,980,752.99 ",3/1/2021,3/31/2026
693JJ321A000002,Department of Transportation,693JJ3 ACQUISITION AND GRANTS MGT,BOOZ ALLEN HAMILTON INC,541511,CUSTOM COMPUTER PROGRAMMING SERVICES,"$46,200,000.00 ",3/17/2021,3/17/2026
693JJ321A000005,Department of Transportation,693JJ3 ACQUISITION AND GRANTS MGT,SEVATEC LLC,541519,OTHER COMPUTER RELATED SERVICES,"$46,200,000.00 ",3/17/2021,3/17/2026
693JJ321A000001,Department of Transportation,693JJ3 ACQUISITION AND GRANTS MGT,"MAXIMUS FEDERAL CONSULTING, LLC",541511,CUSTOM COMPUTER PROGRAMMING SERVICES,"$46,200,000.00 ",3/17/2021,3/17/2026
693JJ321A000004,Department of Transportation,693JJ3 ACQUISITION AND GRANTS MGT,DELOITTE CONSULTING LLP,541512,COMPUTER SYSTEMS DESIGN SERVICES,"$46,200,000.00 ",3/18/2021,3/17/2026
693JJ321A000003,Department of Transportation,693JJ3 ACQUISITION AND GRANTS MGT,"CRITERION SYSTEMS, L.L.C.",541513,COMPUTER FACILITIES MANAGEMENT SERVICES,"$46,200,000.00 ",3/17/2021,3/17/2026
86615121A00004,Department of Housing and Urban Development,CPO : PROGRAM SUPPORT BRANCH DENVER,KPMG LLP,541211,OFFICES OF CERTIFIED PUBLIC ACCOUNTANTS,"$45,250,000.00 ",10/13/2020,3/14/2026
86615121A00002,Department of Housing and Urban Development,CPO : PROGRAM SUPPORT BRANCH DENVER,GUIDEHOUSE INC.,541611,ADMINISTRATIVE MANAGEMENT AND GENERAL MANAGEMENT CONSULTING SERVICES,"$45,250,000.00 ",10/13/2020,3/14/2026
86615121A00005,Department of Housing and Urban Development,CPO : PROGRAM SUPPORT BRANCH DENVER,ERNST & YOUNG LLP,541211,OFFICES OF CERTIFIED PUBLIC ACCOUNTANTS,"$45,250,000.00 ",10/13/2020,3/14/2026
86615121A00003,Department of Housing and Urban Development,CPO : PROGRAM SUPPORT BRANCH DENVER,DELOITTE CONSULTING LLP,541611,ADMINISTRATIVE MANAGEMENT AND GENERAL MANAGEMENT CONSULTING SERVICES,"$45,250,000.00 ",10/13/2020,3/15/2026
FA930221D0005,Department of Defense,FA9302  AFTC PZZ,"SAFRAN DEFENSE & SPACE, INC.",334511,"SEARCH, DETECTION, NAVIGATION, GUIDANCE, AERONAUTICAL, AND NAUTICAL SYSTEM AND INSTRUMENT MANUFACTURING","$45,200,000.00 ",3/4/2021,3/3/2026
W91YTZ21D0001,Department of Defense,W40M MRCO EAST,"ABLE FORCE, INC",518210,"COMPUTING INFRASTRUCTURE PROVIDERS, DATA PROCESSING, WEB HOSTING, AND RELATED SERVICES","$45,001,000.00 ",3/9/2021,3/8/2026
W912QR21D0029,Department of Defense,W072 ENDIST LOUISVILLE,DAWN INCORPORATED,236220,COMMERCIAL AND INSTITUTIONAL BUILDING CONSTRUCTION,"$45,000,000.00 ",3/29/2021,3/28/2026
W912QR21D0032,Department of Defense,W072 ENDIST LOUISVILLE,INTEC GROUP LLC,236220,COMMERCIAL AND INSTITUTIONAL BUILDING CONSTRUCTION,"$45,000,000.00 ",3/29/2021,3/28/2026
W912QR21D0034,Department of Defense,W072 ENDIST LOUISVILLE,"T & T CONSTRUCTION ENTERPRISES, LLC",236220,COMMERCIAL AND INSTITUTIONAL BUILDING CONSTRUCTION,"$45,000,000.00 ",3/29/2021,3/28/2026
W912QR21D0033,Department of Defense,W072 ENDIST LOUISVILLE,"HOWARD W. PENCE, INC.",236220,COMMERCIAL AND INSTITUTIONAL BUILDING CONSTRUCTION,"$45,000,000.00 ",3/29/2021,3/28/2026
FA868420D4000,Department of Defense,FA8684 AFLCMC RODK,"THE CHARLES STARK DRAPER LABORATORY, INC.",541715,"RESEARCH AND DEVELOPMENT IN THE PHYSICAL, ENGINEERING, AND LIFE SCIENCES (EXCEPT NANOTECHNOLOGY AND BIOTECHNOLOGY)","$45,000,000.00 ",3/18/2020,3/18/2026
W912QR21D0031,Department of Defense,W072 ENDIST LOUISVILLE,"VAZQUEZ COMMERCIAL CONTRACTING, LLC",236220,COMMERCIAL AND INSTITUTIONAL BUILDING CONSTRUCTION,"$45,000,000.00 ",3/29/2021,3/28/2026
W912QR21D0028,Department of Defense,W072 ENDIST LOUISVILLE,NORTHWIND-CORNERSTONE JOINT VENTURE LLC,236220,COMMERCIAL AND INSTITUTIONAL BUILDING CONSTRUCTION,"$45,000,000.00 ",3/29/2021,3/28/2026
W912QR21D0030,Department of Defense,W072 ENDIST LOUISVILLE,SAF INC,236220,COMMERCIAL AND INSTITUTIONAL BUILDING CONSTRUCTION,"$45,000,000.00 ",3/29/2021,3/28/2026
SPE8E821D0002,Department of Defense,DLA TROOP SUPPORT,"DCM CLEAN AIR PRODUCTS, INC.",333415,AIR-CONDITIONING AND WARM AIR HEATING EQUIPMENT AND COMMERCIAL AND INDUSTRIAL REFRIGERATION EQUIPMENT MANUFACTURING,"$45,000,000.00 ",3/12/2021,3/11/2026
N4008021D0003,Department of Defense,NAVFACSYSCOM WASHINGTON,RAYMOND POND FULL SERVICE SOLUTIONS JV LLC,541330,ENGINEERING SERVICES,"$45,000,000.00 ",3/10/2021,3/9/2026
V797D70258,Department of Veterans Affairs,NAC FEDERAL SUPPLY SCHEDULE (36F797),HEYLTEX CORPORATION,325412,PHARMACEUTICAL PREPARATION MANUFACTURING,"$44,957,020.00 ",10/15/2017,3/31/2026
N6264520D5005,Department of Defense,NAVSUP FLT LOG CTR NORFOLK,"VYSNOVA PARTNERS, LLC",541715,"RESEARCH AND DEVELOPMENT IN THE PHYSICAL, ENGINEERING, AND LIFE SCIENCES (EXCEPT NANOTECHNOLOGY AND BIOTECHNOLOGY)","$44,227,300.00 ",3/29/2020,3/30/2026
SPE1C119D1146,Department of Defense,DLA TROOP SUPPORT,LION-VALLEN LIMITED PARTNERSHIP,493110,GENERAL WAREHOUSING AND STORAGE,"$44,000,000.00 ",3/17/2019,3/16/2026
19AQMM21D0060,Department of State,ACQUISITIONS - AQM MOMENTUM,EAGLE HARBOR SOLUTIONS LLC,541519,OTHER COMPUTER RELATED SERVICES,"$43,200,000.00 ",4/1/2021,3/31/2026
GS07F108DA,General Services Administration,"GSA/FAS/GSS/QSCA, MULTIPLE AWARD SCHEDULE CONTRACTING DIVISION",CADUCEUS HEALTHCARE INC,541990,"ALL OTHER PROFESSIONAL, SCIENTIFIC, AND TECHNICAL SERVICES","$43,178,556.00 ",4/1/2016,3/31/2026
50310223A0014,Securities and Exchange Commission,SECURITIES AND EXCHANGE COMMISSION,ANIKA SYSTEMS INCORPORATED,541511,CUSTOM COMPUTER PROGRAMMING SERVICES,"$43,000,000.00 ",9/25/2023,3/4/2026
50310223A0015,Securities and Exchange Commission,SECURITIES AND EXCHANGE COMMISSION,SHR CONSULTING GROUP LLC,541511,CUSTOM COMPUTER PROGRAMMING SERVICES,"$43,000,000.00 ",9/25/2023,3/4/2026
50310223A0013,Securities and Exchange Commission,SECURITIES AND EXCHANGE COMMISSION,PEREGRINE ADVISORS BENEFIT INC.,541513,COMPUTER FACILITIES MANAGEMENT SERVICES,"$43,000,000.00 ",9/28/2023,3/4/2026
50310223A0011,Securities and Exchange Commission,SECURITIES AND EXCHANGE COMMISSION,"SKYWARD IT SOLUTIONS, LLC",541512,COMPUTER SYSTEMS DESIGN SERVICES,"$43,000,000.00 ",9/22/2023,3/4/2026
50310224A0003,Securities and Exchange Commission,SECURITIES AND EXCHANGE COMMISSION,ANALYTICA LLC,541511,CUSTOM COMPUTER PROGRAMMING SERVICES,"$43,000,000.00 ",3/5/2024,3/4/2026
2032K821A00001,Department of the Treasury,NATIONAL OFFICE - DO/OTA,"METRICA, INC.",541614,"PROCESS, PHYSICAL DISTRIBUTION, AND LOGISTICS CONSULTING SERVICES","$42,997,553.60 ",4/1/2021,3/31/2026
75N98024D00003,Department of Health and Human Services,NATIONAL INSTITUTES OF HEALTH OLAO,ECOLOGY SERVICES INC,562111,SOLID WASTE COLLECTION,"$42,868,105.24 ",4/1/2024,3/31/2026
36C24924D0025,Department of Veterans Affairs,249-NETWORK CONTRACT OFFICE 9 (36C249),TRANSOX INC,621610,HOME HEALTH CARE SERVICES,"$42,830,121.00 ",4/1/2024,3/31/2026
N0003021D2043,Department of Defense,DCMA NPO NORTHROP GRUMMAN UTAH,NORTHROP GRUMMAN SYSTEMS CORPORATION,541330,ENGINEERING SERVICES,"$42,463,000.00 ",6/24/2021,3/1/2026
GS07F9400S,General Services Administration,"GSA/FAS/GSS/QSCA, MULTIPLE AWARD SCHEDULE CONTRACTING DIVISION",STARSIDE SECURITY & INVESTIGATION INC,561612,SECURITY GUARDS AND PATROL SERVICES,"$42,214,959.00 ",4/1/2006,3/31/2026
SPE1C123D0037,Department of Defense,DLA TROOP SUPPORT,"FEDERAL PRISON INDUSTRIES, INC.",315210,CUT AND SEW APPAREL CONTRACTORS,"$42,078,000.00 ",3/27/2023,3/26/2026
1305M221ANWWG0006,Department of Commerce,DEPT OF COMMERCE NOAA,"AXIOM CONSULTANTS, INC",541611,ADMINISTRATIVE MANAGEMENT AND GENERAL MANAGEMENT CONSULTING SERVICES,"$41,750,000.00 ",3/12/2021,3/14/2026
FA853318D0002,Department of Defense,FA8533  AFLCMC ROKB,LOCKHEED MARTIN CORPORATION,541330,ENGINEERING SERVICES,"$41,748,882.00 ",9/30/2018,3/31/2026
15BRRC25D00000017,Department of Justice,RESIDENTIAL REENTRY - CO,CROSSPOINT INC,623990,OTHER RESIDENTIAL CARE FACILITIES,"$41,333,359.20 ",4/1/2025,3/31/2026
15BRRC21D00000271,Department of Justice,RESIDENTIAL REENTRY - CO,GEO REENTRY INC,623990,OTHER RESIDENTIAL CARE FACILITIES,"$40,312,338.12 ",4/1/2021,3/31/2026
HQ003421D0008,Department of Defense,WASHINGTON HEADQUARTERS SERVICES,"APPLIED ENVIRONMENTAL, INC.",541620,ENVIRONMENTAL CONSULTING SERVICES,"$40,000,000.00 ",4/1/2021,3/31/2026
36C26321D0038,Department of Veterans Affairs,NETWORK CONTRACT OFFICE 23 (36C263),"P.D.S. CONSULTANTS, INC.",339115,OPHTHALMIC GOODS MANUFACTURING,"$40,000,000.00 ",4/1/2021,3/31/2026
SPE2D121D0009,Department of Defense,DLA TROOP SUPPORT,O R ELDER INC,423450,"MEDICAL, DENTAL, AND HOSPITAL EQUIPMENT AND SUPPLIES MERCHANT WHOLESALERS","$40,000,000.00 ",3/12/2021,3/11/2026
28321323D00060004,Social Security Administration,SSA OFC OF ACQUISITION  GRANTS,"GOODWILL INDUSTRIES OF THE CHESAPEAKE, INC",561720,JANITORIAL SERVICES,"$39,947,335.94 ",4/3/2023,3/31/2026
70Z03823DE0000001,Department of Homeland Security,AVIATION LOGISTICS CENTER (ALC)(00038),HONEYWELL INTERNATIONAL INC.,334511,"SEARCH, DETECTION, NAVIGATION, GUIDANCE, AERONAUTICAL, AND NAUTICAL SYSTEM AND INSTRUMENT MANUFACTURING","$39,420,088.96 ",3/3/2023,3/2/2026
SP470221D0001,Department of Defense,DCSO COLUMBUS-DIVISION-1,"KBR SERVICES, LLC",541330,ENGINEERING SERVICES,"$38,393,925.77 ",5/13/2022,3/12/2026
15BNAS21D00000108,Department of Justice,NATIONAL ACQUISITIONS - CO,CREDENCE MANAGEMENT SOLUTIONS LIMITED LIABILITY COMPANY,541611,ADMINISTRATIVE MANAGEMENT AND GENERAL MANAGEMENT CONSULTING SERVICES,"$38,010,906.23 ",4/1/2021,3/31/2026
75N92019D00031,Department of Health and Human Services,NATIONAL INSTITUTES OF HEALTH NHLBI,TRUSTEES OF BOSTON UNIVERSITY,541715,"RESEARCH AND DEVELOPMENT IN THE PHYSICAL, ENGINEERING, AND LIFE SCIENCES (EXCEPT NANOTECHNOLOGY AND BIOTECHNOLOGY)","$38,000,000.00 ",4/1/2019,3/31/2026
HTC71121DR002,Department of Defense,USTRANSCOM-AQ,"DELAWARE RIVER STEVEDORES, INC.",488320,MARINE CARGO HANDLING,"$37,411,311.85 ",3/5/2021,3/14/2026
N4008521D0029,Department of Defense,NAVFACSYSCOM MID-ATLANTIC,TITAN FACILITY SERVICES LLC,561720,JANITORIAL SERVICES,"$37,410,670.56 ",4/1/2021,3/31/2026
68HERH23D0004,Environmental Protection Agency,HEADQUARTERS ACQUISITION DIV (HQAD),"UNIVERSITY OF CALIFORNIA, DAVIS",541380,TESTING LABORATORIES AND SERVICES,"$37,390,436.81 ",3/7/2023,3/6/2026
SPE1C121D1450,Department of Defense,DLA TROOP SUPPORT,HARDWICK TACTICAL CORPORATION,315240,"WOMEN'S, GIRLS', AND INFANTS' CUT AND SEW APPAREL MANUFACTURING","$37,237,050.00 ",3/10/2021,3/9/2026
N4008521D0031,Department of Defense,NAVFACSYSCOM MID-ATLANTIC,"HERCULES FENCE COMPANY, INC.",238990,ALL OTHER SPECIALTY TRADE CONTRACTORS,"$37,072,090.00 ",3/4/2021,3/3/2026
W9114F21D0002,Department of Defense,W40M MRCO EUROPE,PIEPENBROCK GOVERNMENT SERVICES GMBH + CO. KG,561720,JANITORIAL SERVICES,"$36,633,889.55 ",4/1/2021,3/31/2026
70Z08421DAA151500,Department of Homeland Security,LOG-9,ACORN SERVICES INC,722310,FOOD SERVICE CONTRACTORS,"$35,960,718.42 ",12/1/2021,3/31/2026
SPE60722D0105,Department of Defense,DLA ENERGY,AVPORTS LLC,324110,PETROLEUM REFINERIES,"$35,935,397.32 ",9/1/2022,3/31/2026
N5523621D0026,Department of Defense,SOUTHWEST REGIONAL MAINT CENTER,THERMCOR INC,238310,DRYWALL AND INSULATION CONTRACTORS,"$35,702,429.01 ",3/28/2021,3/27/2026
2031ZA20D00012,Department of the Treasury,OFFICE OF THE CHIEF PROCUREMENT OFFICER,FOREIGN AWARDEES (UNDISCLOSED),541715,"RESEARCH AND DEVELOPMENT IN THE PHYSICAL, ENGINEERING, AND LIFE SCIENCES (EXCEPT NANOTECHNOLOGY AND BIOTECHNOLOGY)","$35,000,000.00 ",9/30/2020,3/31/2026
SPE2DH21D0060,Department of Defense,DLA TROOP SUPPORT,3T FEDERAL SOLUTIONS LLC,423450,"MEDICAL, DENTAL, AND HOSPITAL EQUIPMENT AND SUPPLIES MERCHANT WHOLESALERS","$35,000,000.00 ",3/25/2021,3/23/2026
36C26220D0050,Department of Veterans Affairs,262-NETWORK CONTRACT OFFICE 22 (36C262),"SUPERIOR OPTICAL LABS, INC",339115,OPHTHALMIC GOODS MANUFACTURING,"$34,272,900.00 ",10/1/2020,3/31/2026
36C24921D0014,Department of Veterans Affairs,249-NETWORK CONTRACT OFFICE 9 (36C249),VALOR HEALTHCARE INC,621498,ALL OTHER OUTPATIENT CARE CENTERS,"$33,546,289.38 ",4/1/2021,3/31/2026
15UC0C21D00001192,Department of Justice,"FEDERAL PRISON INDUSTRIES, INC","BPD ENGINEERING, LLC",238390,OTHER BUILDING FINISHING CONTRACTORS,"$33,457,659.75 ",4/1/2021,3/31/2026
M6785421D8072,Department of Defense,COMMANDER,CORPS SOLUTIONS LLC,611519,OTHER TECHNICAL AND TRADE SCHOOLS,"$33,000,000.00 ",9/1/2021,3/19/2026
N0042121D0015,Department of Defense,NAVAL AIR WARFARE CENTER AIR DIV,VECTRUS SYSTEMS LLC,541330,ENGINEERING SERVICES,"$32,974,299.63 ",2/26/2021,3/31/2026
GS30F0008S,General Services Administration,GSA/FAS AUTOMOTIVE CENTER,FEDERAL CONTRACTS LLC,333120,CONSTRUCTION MACHINERY MANUFACTURING,"$32,969,989.00 ",3/21/2006,3/20/2026
15UC0C21D00000995,Department of Justice,"FEDERAL PRISON INDUSTRIES, INC","TROY SHEET METAL WORKS, INC.",337215,"SHOWCASE, PARTITION, SHELVING, AND LOCKER MANUFACTURING","$32,966,100.00 ",3/9/2021,3/8/2026
W56HZV24D0024,Department of Defense,W6QK ACC- DTA,JCB INC.,333120,CONSTRUCTION MACHINERY MANUFACTURING,"$32,675,336.90 ",3/27/2024,3/27/2026
W56HZV21D0024,Department of Defense,W4GG HQ US ARMY TACOM,"SCHUTT INDUSTRIES OF CLINTONVILLE, WIS., INC.",336212,TRUCK TRAILER MANUFACTURING,"$32,271,497.05 ",5/24/2021,3/31/2026
SPE1C121D1459,Department of Defense,DLA TROOP SUPPORT,MCRAE INDUSTRIES INC,316210,FOOTWEAR MANUFACTURING,"$32,010,930.00 ",3/31/2021,3/31/2026
36F79721D0042,Department of Veterans Affairs,NAC FEDERAL SUPPLY SCHEDULE (36F797),"SEBIA, INC.",334516,ANALYTICAL LABORATORY INSTRUMENT MANUFACTURING,"$32,000,000.00 ",4/1/2021,3/31/2026
N4008421D0092,Department of Defense,NAVFACSYSCOM FAR EAST,"ACTY CO., LTD.",238160,ROOFING CONTRACTORS,"$31,125,534.47 ",3/11/2021,3/10/2026
70Z08420DAA550900,Department of Homeland Security,LOG-9,STATE OF NEW JERSEY,722310,FOOD SERVICE CONTRACTORS,"$30,853,690.38 ",4/1/2020,3/31/2026
15UC0C21D00001172,Department of Justice,"FEDERAL PRISON INDUSTRIES, INC","KRUEGER INTERNATIONAL, INC.",337211,WOOD OFFICE FURNITURE MANUFACTURING,"$30,366,928.98 ",4/1/2021,3/31/2026
15BFA024D00000019,Department of Justice,FCC VICTORVILLE,WELLPATH LLC,622110,GENERAL MEDICAL AND SURGICAL HOSPITALS,"$30,356,635.44 ",4/1/2024,3/31/2026
68HERH21D0002,Environmental Protection Agency,HEADQUARTERS ACQUISITION DIV (HQAD),CONSOLIDATED SAFETY SERVICES INCORPORATED,541380,TESTING LABORATORIES AND SERVICES,"$30,341,431.96 ",3/2/2021,3/1/2026
140P2023D0004,Department of the Interior,DSC CONTRACTING SERVICES DIVISION,"AYERS/SAINT/GROSS, INCORPORATED",541310,ARCHITECTURAL SERVICES,"$30,000,000.00 ",3/2/2023,3/1/2026
75F40119D10032,Department of Health and Human Services,FDA OFFICE OF ACQ  GRANT SVCS,"SPAULDING CLINICAL RESEARCH, LLC",541714,RESEARCH AND DEVELOPMENT IN BIOTECHNOLOGY (EXCEPT NANOBIOTECHNOLOGY),"$30,000,000.00 ",8/19/2019,3/29/2026
HC101324A0002,Department of Defense,TELECOMMUNICATIONS DIVISION- HC1013,"INMARSAT GOVERNMENT, INC.",541519,OTHER COMPUTER RELATED SERVICES,"$30,000,000.00 ",3/18/2024,3/17/2026
140G0121D0010,Department of the Interior,OFC OF ACQUSITION  GRANTS-NATIONAL,AKIMA SYSTEMS ENGINEERING LLC,541690,OTHER SCIENTIFIC AND TECHNICAL CONSULTING SERVICES,"$30,000,000.00 ",4/1/2021,3/31/2026
75H71021D00005,Department of Health and Human Services,NAVAJO AREA INDIAN HEALTH SVC,LABORATORY CORPORATION OF AMERICA,621511,MEDICAL LABORATORIES,"$30,000,000.00 ",4/29/2021,3/31/2026
SPE2DE21D7007,Department of Defense,DLA TROOP SUPPORT,ZIMMER US INC,423450,"MEDICAL, DENTAL, AND HOSPITAL EQUIPMENT AND SUPPLIES MERCHANT WHOLESALERS","$30,000,000.00 ",3/25/2021,3/24/2026
47PD0321A0009,General Services Administration,PBS ACQ CENTER FACILITY MGMT SERVICES - R11,SOUTH DADE AIR CONDITIONING & REFRIGERATION INC,561210,FACILITIES SUPPORT SERVICES,"$29,695,730.06 ",6/29/2021,3/31/2026
36C24921D0012,Department of Veterans Affairs,249-NETWORK CONTRACT OFFICE 9 (36C249),"STERLING MEDICAL ASSOCIATES, INC",621498,ALL OTHER OUTPATIENT CARE CENTERS,"$29,051,136.37 ",4/1/2021,3/31/2026
FA860423DB002,Department of Defense,FA8604  AFLCMC PZI,RTX CORPORATION,541330,ENGINEERING SERVICES,"$28,960,483.80 ",4/24/2023,3/15/2026
W15QKN21D0014,Department of Defense,W6QK ACC-PICA,ALLOY SURFACES CO INC,325998,ALL OTHER MISCELLANEOUS CHEMICAL PRODUCT AND PREPARATION MANUFACTURING,"$28,823,677.00 ",3/5/2021,3/30/2026
SPE60423D7522,Department of Defense,DLA ENERGY,NRG BUSINESS MARKETING LLC,211130,NATURAL GAS EXTRACTION,"$28,552,445.14 ",10/1/2023,3/31/2026
SPE60722D0062,Department of Defense,DLA ENERGY,AVFUEL CORP,324110,PETROLEUM REFINERIES,"$28,361,842.04 ",7/1/2022,3/31/2026
36F79720D0078,Department of Veterans Affairs,NAC FEDERAL SUPPLY SCHEDULE (36F797),MALLINCKRODT ARD LLC,325412,PHARMACEUTICAL PREPARATION MANUFACTURING,"$27,963,350.00 ",3/15/2020,3/14/2026
N0042121D0013,Department of Defense,NAVAL AIR WARFARE CENTER AIR DIV,EAGLE SYSTEMS INC,541330,ENGINEERING SERVICES,"$27,903,222.41 ",3/13/2021,3/12/2026
SPE60423D7523,Department of Defense,DLA ENERGY,"TIGER NATURAL GAS, INC.",211130,NATURAL GAS EXTRACTION,"$27,480,918.66 ",10/1/2023,3/31/2026
W519TC25DA005,Department of Defense,W6QK ACC-RI,"CTG FEDERAL, LLC",513210,SOFTWARE PUBLISHERS,"$27,312,234.64 ",3/14/2025,3/13/2026
W912P821D0002,Department of Defense,W07V ENDIST N ORLEANS,MEYER ENGINEERS LTD,541330,ENGINEERING SERVICES,"$26,925,787.10 ",3/17/2021,3/15/2026
GS35F212DA,General Services Administration,GSA/FAS CENTER FOR IT SCHEDULE PROG,GEOSPATIAL CONSULTING GROUP INTERNATIONAL LLC,541513,COMPUTER FACILITIES MANAGEMENT SERVICES,"$26,639,148.00 ",3/3/2016,3/2/2026
GS02F0113X,General Services Administration,GSA/FAS/PSHC/PROF SRVCS SCHED-PSS,"CRP, INC.",541611,ADMINISTRATIVE MANAGEMENT AND GENERAL MANAGEMENT CONSULTING SERVICES,"$26,302,766.00 ",3/30/2011,3/29/2026
70FB8021A00000001,Department of Homeland Security,MITIGATION SECTION(MIT60),GUIDEHOUSE INC.,541611,ADMINISTRATIVE MANAGEMENT AND GENERAL MANAGEMENT CONSULTING SERVICES,"$25,548,530.40 ",3/23/2021,3/22/2026
N4008425D0409,Department of Defense,NAVFACSYSCOM FAR EAST,MECCS MITOMO JV,333415,AIR-CONDITIONING AND WARM AIR HEATING EQUIPMENT AND COMMERCIAL AND INDUSTRIAL REFRIGERATION EQUIPMENT MANUFACTURING,"$25,192,570.79 ",4/1/2025,3/31/2026
15BRRC23D00000007,Department of Justice,RESIDENTIAL REENTRY - CO,"CORNELL ABRAXAS GROUP, LLC",623990,OTHER RESIDENTIAL CARE FACILITIES,"$25,174,550.00 ",4/1/2023,3/31/2026
W9124821D0008,Department of Defense,W6QM MICC-FT CAMPBELL,PRIDE INDUSTRIES,561730,LANDSCAPING SERVICES,"$25,000,000.00 ",3/10/2021,3/9/2026
83310121D0003,Export-Import Bank of the United States,EXPORT IMPORT BANK OF US,"MARCHENKO PARTNERZ, TOV",541110,OFFICES OF LAWYERS,"$25,000,000.00 ",3/9/2021,3/8/2026
75R60223D00001,Department of Health and Human Services,HRSA HEADQUARTERS,SUMMOME NATIVE VENTURES LLC,541611,ADMINISTRATIVE MANAGEMENT AND GENERAL MANAGEMENT CONSULTING SERVICES,"$25,000,000.00 ",3/8/2023,3/7/2026
N0018921DQ006,Department of Defense,NAVSUP FLT LOG CTR NORFOLK,"KONGSBERG DISCOVERY US, LLC",334511,"SEARCH, DETECTION, NAVIGATION, GUIDANCE, AERONAUTICAL, AND NAUTICAL SYSTEM AND INSTRUMENT MANUFACTURING","$25,000,000.00 ",3/26/2021,3/25/2026
83310121D0001,Export-Import Bank of the United States,EXPORT IMPORT BANK OF US,ANJARWALLA & KHANNA LLP,541199,ALL OTHER LEGAL SERVICES,"$25,000,000.00 ",3/9/2021,3/7/2026
W912DY21D0064,Department of Defense,W2V6 USA ENG SPT CTR HUNTSVIL,"TOPE TECHNOLOGY, LLC",541611,ADMINISTRATIVE MANAGEMENT AND GENERAL MANAGEMENT CONSULTING SERVICES,"$25,000,000.00 ",3/25/2021,3/24/2026
36C24E22D0008,Department of Veterans Affairs,RPO EAST (36C24E),THE MEDICAL UNIVERSITY OF SOUTH CAROLINA,541380,TESTING LABORATORIES AND SERVICES,"$25,000,000.00 ",4/1/2022,3/31/2026
83310121D0002,Export-Import Bank of the United States,EXPORT IMPORT BANK OF US,"ARTSINGER, ADVOKATSKE OBEDNANNYA",541110,OFFICES OF LAWYERS,"$25,000,000.00 ",3/9/2021,3/8/2026
W912DR21D0010,Department of Defense,W2SD ENDIST BALTIMORE,ASHFORD LEEBCOR ENTERPRISES II LLC,236220,COMMERCIAL AND INSTITUTIONAL BUILDING CONSTRUCTION,"$25,000,000.00 ",3/26/2021,3/25/2026
SP450023D0014,Department of Defense,DLA DISPOSTION SERVICE - EBS,CLEAN HARBORS ENVIRONMENTAL SERVICES INC,562211,HAZARDOUS WASTE TREATMENT AND DISPOSAL,"$24,913,620.11 ",3/17/2023,3/17/2026
W912PM21D0002,Department of Defense,W074 ENDIST WILMINGTON,W-T JOINT VENTURE,236220,COMMERCIAL AND INSTITUTIONAL BUILDING CONSTRUCTION,"$24,500,000.00 ",3/1/2021,3/2/2026
W912PM21D0003,Department of Defense,W074 ENDIST WILMINGTON,MIDNIGHT SUN - CENTENNIAL JV LLC,236220,COMMERCIAL AND INSTITUTIONAL BUILDING CONSTRUCTION,"$24,500,000.00 ",3/1/2021,3/2/2026
W56KGU21D0001,Department of Defense,W6QK ACC-APG,GEORGIA TECH APPLIED RESEARCH CORP,541715,"RESEARCH AND DEVELOPMENT IN THE PHYSICAL, ENGINEERING, AND LIFE SCIENCES (EXCEPT NANOTECHNOLOGY AND BIOTECHNOLOGY)","$24,299,943.00 ",3/23/2021,3/22/2026
N0016421DWQ83,Department of Defense,NSWC CRANE,FIRST DIVISION CONSULTING INC.,541990,"ALL OTHER PROFESSIONAL, SCIENTIFIC, AND TECHNICAL SERVICES","$24,140,408.39 ",3/26/2021,3/25/2026
36C24E22D0004,Department of Veterans Affairs,RPO EAST (36C24E),TRUSTEES OF BOSTON UNIVERSITY,541715,"RESEARCH AND DEVELOPMENT IN THE PHYSICAL, ENGINEERING, AND LIFE SCIENCES (EXCEPT NANOTECHNOLOGY AND BIOTECHNOLOGY)","$24,000,000.00 ",3/16/2022,3/11/2026
47PF0024A0005,General Services Administration,PBS R5 ACQUISITION MANAGEMENT DIVISION,CMC & MAINTENANCE INC,561210,FACILITIES SUPPORT SERVICES,"$23,862,137.04 ",4/1/2024,3/31/2026
W519TC23D2003,Department of Defense,W6QK ACC-RI,"SPECIALIZED MATERIALS AND CHEMICALS, LLC",325180,OTHER BASIC INORGANIC CHEMICAL MANUFACTURING,"$23,727,600.00 ",3/30/2023,3/29/2026
47QFSA20D0006,General Services Administration,GSA FAS AAS REGION 4,MADISON SPRINGFIELD INC,541910,MARKETING RESEARCH AND PUBLIC OPINION POLLING,"$23,539,426.00 ",8/31/2020,3/19/2026
47PF0023A0006,General Services Administration,PBS R5 ACQUISITION MANAGEMENT DIVISION,"CMI MANAGEMENT, LLC",561210,FACILITIES SUPPORT SERVICES,"$23,434,982.17 ",7/1/2023,3/31/2026
6973GH21D00021,Department of Transportation,6973GH FRANCHISE ACQUISITION SVCS,BOUTCHANTHARAJ CORPORATION,561612,SECURITY GUARDS AND PATROL SERVICES,"$23,140,770.57 ",3/5/2021,3/31/2026
SP450023D0011,Department of Defense,DLA DISPOSTION SERVICE - EBS,CLEAN HARBORS ENVIRONMENTAL SERVICES INC,562211,HAZARDOUS WASTE TREATMENT AND DISPOSAL,"$23,126,802.73 ",3/15/2023,3/14/2026
36E79722D0011,Department of Veterans Affairs,NAC PHARMACEUTICALS (36E797),SANDOZ INC.,325412,PHARMACEUTICAL PREPARATION MANUFACTURING,"$23,010,467.85 ",3/21/2022,3/20/2026
36E79723D0011,Department of Veterans Affairs,NAC PHARMACEUTICALS (36E797),EMBECTA CORP,339112,SURGICAL AND MEDICAL INSTRUMENT MANUFACTURING,"$22,866,580.80 ",3/2/2023,3/1/2026
89303723DEM000011,Department of Energy,SAVANNAH RIVER OPERATIONS OFFICE,S & K LOGISTICS SERVICES LLC,561210,FACILITIES SUPPORT SERVICES,"$22,860,442.58 ",3/15/2023,3/14/2026
15UC0C21D00001171,Department of Justice,"FEDERAL PRISON INDUSTRIES, INC","KRUEGER INTERNATIONAL, INC.",541410,INTERIOR DESIGN SERVICES,"$22,679,382.00 ",4/1/2021,3/31/2026
SPE30023DV008,Department of Defense,DLA TROOP SUPPORT,"HILAND DAIRY FOODS COMPANY, LLC",311812,COMMERCIAL BAKERIES,"$22,235,883.54 ",3/19/2023,3/18/2026
75N90022D00007,Department of Health and Human Services,NATIONAL INSTITUTES OF HEALTH - CC,FIRE CREEK SERVICES COMPANY,541511,CUSTOM COMPUTER PROGRAMMING SERVICES,"$22,000,000.00 ",4/1/2022,3/31/2026
SPE60722D0082,Department of Defense,DLA ENERGY,AVFUEL CORP,324110,PETROLEUM REFINERIES,"$21,917,245.36 ",7/1/2022,3/31/2026
75P00120D00014,Department of Health and Human Services,PROGRAM SUPPORT CENTER ACQ MGMT SVC,"HORUS TECHNOLOGY SOLUTIONS, INC.",541219,OTHER ACCOUNTING SERVICES,"$21,479,048.20 ",9/7/2020,3/6/2026
SPE60722D0090,Department of Defense,DLA ENERGY,"WORLD FUEL SERVICES, INC.",324110,PETROLEUM REFINERIES,"$21,473,889.21 ",8/1/2022,3/31/2026
36F79721D0143,Department of Veterans Affairs,NAC FEDERAL SUPPLY SCHEDULE (36F797),"PEDIGO PRODUCTS, INC.",339113,SURGICAL APPLIANCE AND SUPPLIES MANUFACTURING,"$21,400,000.00 ",4/1/2021,3/31/2026
SP330021D0005,Department of Defense,DLA DISTRIBUTION,UNITY TECHNOLOGIES CORP,541611,ADMINISTRATIVE MANAGEMENT AND GENERAL MANAGEMENT CONSULTING SERVICES,"$20,826,553.22 ",4/1/2021,3/31/2026
47QRAA21D0042,General Services Administration,GSA/FAS/PSHC/PROF SRVCS SCHED-PSS,"JONES PUBLIC AFFAIRS, LLC",541820,PUBLIC RELATIONS AGENCIES,"$20,660,744.00 ",3/31/2021,3/30/2026
FA301622D0011,Department of Defense,FA3016  502 CONS CL,GOODWILL INDUSTRIES OF SAN ANTONIO CONTRACT SERVICES,561730,LANDSCAPING SERVICES,"$20,578,271.75 ",3/23/2022,3/31/2026
140G0121A0002,Department of the Interior,OFC OF ACQUSITION  GRANTS-NATIONAL,ALPHA TECHNOLOGIES INC,518210,"COMPUTING INFRASTRUCTURE PROVIDERS, DATA PROCESSING, WEB HOSTING, AND RELATED SERVICES","$20,400,059.00 ",3/15/2021,3/14/2026
W564KV25D2001,Department of Defense,0409 AQ HQ     CONTRACT,"ELEKTRO-KRUECK-GMBH, ELEKTROINSTALLATIONEN",561210,FACILITIES SUPPORT SERVICES,"$20,318,462.41 ",11/29/2024,3/31/2026
47QSWC25A0003,General Services Administration,GSA/FAS/GSS/QSCBD/ASSISTED CONTRACTING BRANCH B,"MACGYVER SOLUTIONS, INC.",336112,LIGHT TRUCK AND UTILITY VEHICLE MANUFACTURING,"$20,258,071.42 ",3/28/2025,3/27/2026
140D8122D0027,Department of the Interior,IBC ACQ SVCS DIRECTORATE (00004),"EGLI AIR HAUL, INC",481211,NONSCHEDULED CHARTERED PASSENGER AIR TRANSPORTATION,"$20,000,000.00 ",2/25/2022,3/31/2026
140D8121D0004,Department of the Interior,IBC ACQ SVCS DIRECTORATE (00004),"40-MILE AIR, LTD.",481211,NONSCHEDULED CHARTERED PASSENGER AIR TRANSPORTATION,"$20,000,000.00 ",4/1/2021,3/31/2026
140D8121D0037,Department of the Interior,IBC ACQ SVCS DIRECTORATE (00004),"GOLDEN EAGLE OUTFITTERS, INC",481211,NONSCHEDULED CHARTERED PASSENGER AIR TRANSPORTATION,"$20,000,000.00 ",4/1/2021,3/31/2026
140D8121D0014,Department of the Interior,IBC ACQ SVCS DIRECTORATE (00004),DESERT AIR TRANSPORT INC,481211,NONSCHEDULED CHARTERED PASSENGER AIR TRANSPORTATION,"$20,000,000.00 ",4/1/2021,3/31/2026
140D8121D0009,Department of the Interior,IBC ACQ SVCS DIRECTORATE (00004),BERYL AIR LLC,481211,NONSCHEDULED CHARTERED PASSENGER AIR TRANSPORTATION,"$20,000,000.00 ",4/1/2021,3/31/2026
140D8121D0006,Department of the Interior,IBC ACQ SVCS DIRECTORATE (00004),"ALASKA CENTRAL EXPRESS, INC.",481211,NONSCHEDULED CHARTERED PASSENGER AIR TRANSPORTATION,"$20,000,000.00 ",4/1/2021,3/31/2026
140D8121D0024,Department of the Interior,IBC ACQ SVCS DIRECTORATE (00004),"SHADOW AVIATION, INC.",481211,NONSCHEDULED CHARTERED PASSENGER AIR TRANSPORTATION,"$20,000,000.00 ",4/1/2021,3/31/2026
140D8121D0022,Department of the Interior,IBC ACQ SVCS DIRECTORATE (00004),"RIDGELINE AVIATION, INC.",481211,NONSCHEDULED CHARTERED PASSENGER AIR TRANSPORTATION,"$20,000,000.00 ",4/1/2021,3/31/2026
140D8121D0044,Department of the Interior,IBC ACQ SVCS DIRECTORATE (00004),"WARBELOW'S AIR VENTURES, INC",481211,NONSCHEDULED CHARTERED PASSENGER AIR TRANSPORTATION,"$20,000,000.00 ",4/1/2021,3/31/2026
140D8121D0029,Department of the Interior,IBC ACQ SVCS DIRECTORATE (00004),WING & A PRAYER AVIATION INC.,481211,NONSCHEDULED CHARTERED PASSENGER AIR TRANSPORTATION,"$20,000,000.00 ",4/1/2021,3/31/2026
140D8121D0005,Department of the Interior,IBC ACQ SVCS DIRECTORATE (00004),"70 NORTH, LLC",481211,NONSCHEDULED CHARTERED PASSENGER AIR TRANSPORTATION,"$20,000,000.00 ",4/1/2021,3/31/2026
140D8121D0043,Department of the Interior,IBC ACQ SVCS DIRECTORATE (00004),VERTIGO LLC,481211,NONSCHEDULED CHARTERED PASSENGER AIR TRANSPORTATION,"$20,000,000.00 ",4/1/2021,3/31/2026
140D8121D0023,Department of the Interior,IBC ACQ SVCS DIRECTORATE (00004),CHARLES D SCHROTH,481211,NONSCHEDULED CHARTERED PASSENGER AIR TRANSPORTATION,"$20,000,000.00 ",4/1/2021,3/31/2026
140D8121D0031,Department of the Interior,IBC ACQ SVCS DIRECTORATE (00004),WRIGHT AIR SERVICE INC,481211,NONSCHEDULED CHARTERED PASSENGER AIR TRANSPORTATION,"$20,000,000.00 ",4/1/2021,3/31/2026
140D8121D0040,Department of the Interior,IBC ACQ SVCS DIRECTORATE (00004),"REDEMPTION, INCORPORATED",481211,NONSCHEDULED CHARTERED PASSENGER AIR TRANSPORTATION,"$20,000,000.00 ",4/1/2021,3/31/2026
140D8121D0030,Department of the Interior,IBC ACQ SVCS DIRECTORATE (00004),WRANGELL MOUNTAIN AIR INC.,481211,NONSCHEDULED CHARTERED PASSENGER AIR TRANSPORTATION,"$20,000,000.00 ",4/1/2021,3/31/2026
140D8121D0012,Department of the Interior,IBC ACQ SVCS DIRECTORATE (00004),"CLEARWATER AIR, INC",481211,NONSCHEDULED CHARTERED PASSENGER AIR TRANSPORTATION,"$20,000,000.00 ",4/1/2021,3/31/2026
140D8121D0042,Department of the Interior,IBC ACQ SVCS DIRECTORATE (00004),"RYAN AIR, INC.",481211,NONSCHEDULED CHARTERED PASSENGER AIR TRANSPORTATION,"$20,000,000.00 ",4/1/2021,3/31/2026
140D8121D0016,Department of the Interior,IBC ACQ SVCS DIRECTORATE (00004),"J & M ALASKA AIR TOURS, INC",481211,NONSCHEDULED CHARTERED PASSENGER AIR TRANSPORTATION,"$20,000,000.00 ",4/1/2021,3/31/2026
140D8121D0018,Department of the Interior,IBC ACQ SVCS DIRECTORATE (00004),HARLEY B. MCMAHAN,481211,NONSCHEDULED CHARTERED PASSENGER AIR TRANSPORTATION,"$20,000,000.00 ",4/1/2021,3/31/2026
19AQMM25D0531,Department of State,ACQUISITIONS - AQM MOMENTUM,"RED PEAK TECHNICAL SERVICES, LLC",493110,GENERAL WAREHOUSING AND STORAGE,"$20,000,000.00 ",4/1/2025,3/31/2026
140D8121D0008,Department of the Interior,IBC ACQ SVCS DIRECTORATE (00004),"BERING AIR, INC.",481211,NONSCHEDULED CHARTERED PASSENGER AIR TRANSPORTATION,"$20,000,000.00 ",4/1/2021,3/31/2026
GS02F024DA,General Services Administration,"GSA/FAS/GSS/QSCA, MULTIPLE AWARD SCHEDULE CONTRACTING DIVISION",ALLIUM US HOLDING LLC,519130,INTERNET PUBLISHING AND BROADCASTING AND WEB SEARCH PORTALS,"$20,000,000.00 ",3/28/2016,3/27/2026
140D8121D0019,Department of the Interior,IBC ACQ SVCS DIRECTORATE (00004),"MISTY FJORDS AIR AND OUTFITTING, INC.",481211,NONSCHEDULED CHARTERED PASSENGER AIR TRANSPORTATION,"$20,000,000.00 ",4/1/2021,3/31/2026
140D8121D0038,Department of the Interior,IBC ACQ SVCS DIRECTORATE (00004),LAKE & PENINSULA AIRLINES INC,481211,NONSCHEDULED CHARTERED PASSENGER AIR TRANSPORTATION,"$20,000,000.00 ",4/1/2021,3/31/2026
140D8121D0032,Department of the Interior,IBC ACQ SVCS DIRECTORATE (00004),"ALASKA SKYWAYS, INC",481211,NONSCHEDULED CHARTERED PASSENGER AIR TRANSPORTATION,"$20,000,000.00 ",4/1/2021,3/31/2026
140D8121D0041,Department of the Interior,IBC ACQ SVCS DIRECTORATE (00004),"RUST'S FLYING SERVICE, INC.",481211,NONSCHEDULED CHARTERED PASSENGER AIR TRANSPORTATION,"$20,000,000.00 ",4/1/2021,3/31/2026
140D8121D0039,Department of the Interior,IBC ACQ SVCS DIRECTORATE (00004),"NORTH RIVER AIR, LLC",481211,NONSCHEDULED CHARTERED PASSENGER AIR TRANSPORTATION,"$20,000,000.00 ",4/1/2021,3/31/2026
N6247321D2602,Department of Defense,NAVFAC SOUTHWEST,DIVERSIFIED MAINTENANCE SYSTEMS INC,238220,"PLUMBING, HEATING, AND AIR-CONDITIONING CONTRACTORS","$20,000,000.00 ",3/4/2021,3/3/2026
140D8121D0021,Department of the Interior,IBC ACQ SVCS DIRECTORATE (00004),"REEVE AIR ALASKA, LLC",481211,NONSCHEDULED CHARTERED PASSENGER AIR TRANSPORTATION,"$20,000,000.00 ",4/1/2021,3/31/2026
140D8121D0010,Department of the Interior,IBC ACQ SVCS DIRECTORATE (00004),BIGHORN AIRWAYS INC,481211,NONSCHEDULED CHARTERED PASSENGER AIR TRANSPORTATION,"$20,000,000.00 ",4/1/2021,3/31/2026
140D8121D0015,Department of the Interior,IBC ACQ SVCS DIRECTORATE (00004),"FLY 4 YOU, INC.",481211,NONSCHEDULED CHARTERED PASSENGER AIR TRANSPORTATION,"$20,000,000.00 ",4/1/2021,3/31/2026
140D8121D0028,Department of the Interior,IBC ACQ SVCS DIRECTORATE (00004),TATONDUK OUTFITTERS LIMITED,481211,NONSCHEDULED CHARTERED PASSENGER AIR TRANSPORTATION,"$20,000,000.00 ",4/1/2021,3/31/2026
SPE7LX21D0091,Department of Defense,DLA LAND AND MARITIME,"CLARIOS, LLC",335911,STORAGE BATTERY MANUFACTURING,"$19,599,218.48 ",3/31/2021,3/30/2026
N0018920D0032,Department of Defense,NAVSUP FLT LOG CTR NORFOLK,"TRI-WAY INDUSTRIES, INC.",332322,SHEET METAL WORK MANUFACTURING,"$19,540,056.82 ",9/22/2020,3/21/2026
140P3020D0021,Department of the Interior,NCR REGIONAL CONTRACTING(30000),"AXON ENTERPRISE, INC.",334310,AUDIO AND VIDEO EQUIPMENT MANUFACTURING,"$19,500,000.00 ",9/16/2020,3/15/2026
47PC0821A0001,General Services Administration,PBS R2 BUILDING SRVCS BR GROUP 3,ACTION FACILITIES MANAGEMENT INC,561210,FACILITIES SUPPORT SERVICES,"$19,460,628.04 ",4/1/2021,3/31/2026
GS23F0125S,General Services Administration,GSA/FAS/PSHC/PROF SRVCS SCHED-PSS,"SONTIQ, INC.",561450,CREDIT BUREAUS,"$19,458,372.00 ",3/16/2006,3/15/2026
SPE60722D0059,Department of Defense,DLA ENERGY,AVFUEL CORP,324110,PETROLEUM REFINERIES,"$18,939,620.44 ",7/1/2022,3/31/2026
75N98022D00014,Department of Health and Human Services,NATIONAL INSTITUTES OF HEALTH OLAO,ONE FEDERAL SOLUTION CORPORATION,541611,ADMINISTRATIVE MANAGEMENT AND GENERAL MANAGEMENT CONSULTING SERVICES,"$18,677,582.26 ",4/1/2022,3/26/2026
N6134021D0014,Department of Defense,NAWC TRAINING SYSTEMS DIV,CAE USA INC.,611512,FLIGHT TRAINING,"$18,570,023.00 ",3/5/2021,3/4/2026
GS35F0275S,General Services Administration,GSA/FAS CENTER FOR IT SCHEDULE PROG,AVI-SPL LLC,541512,COMPUTER SYSTEMS DESIGN SERVICES,"$18,482,771.00 ",3/6/2006,3/5/2026
SPE60722D0094,Department of Defense,DLA ENERGY,AVFUEL CORP,324110,PETROLEUM REFINERIES,"$18,369,995.58 ",7/1/2022,3/31/2026
36E79721D0018,Department of Veterans Affairs,NAC PHARMACEUTICALS (36E797),EXELAN PHARMACEUTICALS INC,325412,PHARMACEUTICAL PREPARATION MANUFACTURING,"$18,098,362.00 ",3/2/2021,3/1/2026
FA301622D0005,Department of Defense,FA3016  502 CONS CL,"HHI SERVICES, INC.",561720,JANITORIAL SERVICES,"$18,029,556.75 ",12/20/2021,3/31/2026
12445123D0034,Department of Agriculture,"USDA-FS, CSA EAST 11",JONES BACKHOE & DOZER INC,237310,"HIGHWAY, STREET, AND BRIDGE CONSTRUCTION","$18,000,000.00 ",7/1/2023,3/31/2026
12445123D0042,Department of Agriculture,"USDA-FS, CSA EAST 11",SYTE CORPORATION,237310,"HIGHWAY, STREET, AND BRIDGE CONSTRUCTION","$18,000,000.00 ",7/1/2023,3/31/2026
12445123D0036,Department of Agriculture,"USDA-FS, CSA EAST 11",PHILPOT CONSTRUCTION INC.,237310,"HIGHWAY, STREET, AND BRIDGE CONSTRUCTION","$18,000,000.00 ",7/1/2023,3/31/2026
12445123D0033,Department of Agriculture,"USDA-FS, CSA EAST 11",CURTIS CONSTRUCTION INC,237310,"HIGHWAY, STREET, AND BRIDGE CONSTRUCTION","$18,000,000.00 ",7/1/2023,3/31/2026
SPE8EG21D0132,Department of Defense,DLA TROOP SUPPORT,EAST TEXAS LIGHTHOUSE FOR THE BLIND,314994,"ROPE, CORDAGE, TWINE, TIRE CORD, AND TIRE FABRIC MILLS","$18,000,000.00 ",3/25/2021,3/24/2026
12445123D0037,Department of Agriculture,"USDA-FS, CSA EAST 11",CARTER RANDY,237310,"HIGHWAY, STREET, AND BRIDGE CONSTRUCTION","$18,000,000.00 ",7/1/2023,3/31/2026
12445123D0032,Department of Agriculture,"USDA-FS, CSA EAST 11","GERALD ABERNATHY BACKHOE & DOZER SERVICE, INC.",237310,"HIGHWAY, STREET, AND BRIDGE CONSTRUCTION","$18,000,000.00 ",7/1/2023,3/31/2026
12445123D0038,Department of Agriculture,"USDA-FS, CSA EAST 11",ROBINSON XCAVATING & HAULING LLC,237310,"HIGHWAY, STREET, AND BRIDGE CONSTRUCTION","$18,000,000.00 ",7/1/2023,3/31/2026
12445123D0039,Department of Agriculture,"USDA-FS, CSA EAST 11",SIX MILE CONTRACTORS INC,237310,"HIGHWAY, STREET, AND BRIDGE CONSTRUCTION","$18,000,000.00 ",7/1/2023,3/31/2026
12445123D0040,Department of Agriculture,"USDA-FS, CSA EAST 11",STANDRIDGE BULLDOZING INC,237310,"HIGHWAY, STREET, AND BRIDGE CONSTRUCTION","$18,000,000.00 ",7/1/2023,3/31/2026
12445123D0035,Department of Agriculture,"USDA-FS, CSA EAST 11","MULLENIX TRUCKING, INC.",237310,"HIGHWAY, STREET, AND BRIDGE CONSTRUCTION","$18,000,000.00 ",7/1/2023,3/31/2026
12445123D0041,Department of Agriculture,"USDA-FS, CSA EAST 11",STEEP CREEK LLC,237310,"HIGHWAY, STREET, AND BRIDGE CONSTRUCTION","$18,000,000.00 ",7/1/2023,3/31/2026
W911SA23D2003,Department of Defense,W6QM MICC FT MCCOY (RC),MATHY CONSTRUCTION COMPANY,237310,"HIGHWAY, STREET, AND BRIDGE CONSTRUCTION","$17,267,675.00 ",4/1/2023,3/16/2026
N0042121D0003,Department of Defense,NAVAL AIR WARFARE CENTER AIR DIV,"SOLUTION ENGINEERING ASSOCIATES, INC",541330,ENGINEERING SERVICES,"$17,267,059.67 ",3/19/2021,3/18/2026
FA855323D0005,Department of Defense,FA8553  AFLCMC WLNKB,GE AVIATION SYSTEMS LLC,336412,AIRCRAFT ENGINE AND ENGINE PARTS MANUFACTURING,"$17,204,570.78 ",3/7/2023,3/6/2026
91003120A0012,Department of Education,FSA ACQUISITIONS OFFICE,"KEARNEY & COMPANY, P.C.",541211,OFFICES OF CERTIFIED PUBLIC ACCOUNTANTS,"$17,000,000.00 ",9/28/2020,3/27/2026
91003120A0009,Department of Education,FSA ACQUISITIONS OFFICE,DELOITTE & TOUCHE LLP,541519,OTHER COMPUTER RELATED SERVICES,"$17,000,000.00 ",9/28/2020,3/27/2026
91003120A0011,Department of Education,FSA ACQUISITIONS OFFICE,GUIDEHOUSE INC.,541611,ADMINISTRATIVE MANAGEMENT AND GENERAL MANAGEMENT CONSULTING SERVICES,"$17,000,000.00 ",9/27/2020,3/27/2026
91003120A0010,Department of Education,FSA ACQUISITIONS OFFICE,GUIDEHOUSE INC.,541611,ADMINISTRATIVE MANAGEMENT AND GENERAL MANAGEMENT CONSULTING SERVICES,"$17,000,000.00 ",9/28/2020,3/27/2026
75H71024D00005,Department of Health and Human Services,NAVAJO AREA INDIAN HEALTH SVC,VETMED GROUP LLC,621111,OFFICES OF PHYSICIANS (EXCEPT MENTAL HEALTH SPECIALISTS),"$16,990,095.50 ",3/5/2024,3/31/2026
GS27F0031X,General Services Administration,"GSA/FAS/GSS/QSCA, MULTIPLE AWARD SCHEDULE CONTRACTING DIVISION","EMPIRE OFFICE, INC",337214,OFFICE FURNITURE (EXCEPT WOOD) MANUFACTURING,"$16,849,260.00 ",3/25/2011,3/24/2026
47PK0221A0003,General Services Administration,PBS R9 AMD RECURRING SERVICES,"KING & GEORGE, LLC",561210,FACILITIES SUPPORT SERVICES,"$16,836,964.00 ",4/1/2021,3/31/2026
W912PB21D8000,Department of Defense,0409 AQ HQ     CONTRACT,FRANK GMBH,238330,FLOORING CONTRACTORS,"$16,707,507.24 ",4/1/2021,3/31/2026
47PJ0022A0003,General Services Administration,PBS R8 ACQUISITION MANAGEMENT DIVISION,INTEGRITY NATIONAL CORPORATION,561210,FACILITIES SUPPORT SERVICES,"$16,642,902.11 ",6/1/2022,3/31/2026
SPE1C121DF072,Department of Defense,DLA TROOP SUPPORT,"FEDERAL PRISON INDUSTRIES, INC.",315220,MEN'S AND BOYS' CUT AND SEW APPAREL MANUFACTURING,"$16,549,596.90 ",3/8/2021,3/7/2026
SPE60722D0064,Department of Defense,DLA ENERGY,"FREEMAN HOLDINGS OF WASHINGTON, L.L.C",324110,PETROLEUM REFINERIES,"$16,404,705.70 ",7/1/2022,3/31/2026
GS07F0350X,General Services Administration,"GSA/FAS SCIENTFC,TEMP SVCS,ADINT","INTERWORLD HIGHWAY, LLC",334513,"INSTRUMENTS AND RELATED PRODUCTS MANUFACTURING FOR MEASURING, DISPLAYING, AND CONTROLLING INDUSTRIAL PROCESS VARIABLES","$16,374,789.00 ",3/4/2011,3/3/2026
140G0121A0001,Department of the Interior,OFC OF ACQUSITION  GRANTS-NATIONAL,"CLOUD7WORKS, INC.",541511,CUSTOM COMPUTER PROGRAMMING SERVICES,"$16,186,186.00 ",3/15/2021,3/14/2026
GS35F0285S,General Services Administration,GSA/FAS CENTER FOR IT SCHEDULE PROG,SELECT COMPUTING INC,541511,CUSTOM COMPUTER PROGRAMMING SERVICES,"$16,068,503.00 ",3/8/2006,3/7/2026
693KA922D00009,Department of Transportation,693KA9 CONTRACTING FOR SERVICES,BOOZ ALLEN HAMILTON INC,541330,ENGINEERING SERVICES,"$16,008,283.19 ",3/17/2022,3/16/2026
N0016421DJR77,Department of Defense,NSWC CRANE,AMERICAN RHEINMETALL MUNITION INC,332993,AMMUNITION (EXCEPT SMALL ARMS) MANUFACTURING,"$16,000,000.00 ",3/5/2021,3/4/2026
N0018920D0031,Department of Defense,NAVSUP FLT LOG CTR NORFOLK,"TST FABRICATIONS, LLC",332322,SHEET METAL WORK MANUFACTURING,"$15,969,127.14 ",9/22/2020,3/21/2026
SPE1C121D1442,Department of Defense,DLA TROOP SUPPORT,CARTER INDUSTRIES INC,315210,CUT AND SEW APPAREL CONTRACTORS,"$15,959,997.00 ",3/2/2021,3/1/2026
SP330025D0004,Department of Defense,DLA DISTRIBUTION,"CHEROKEE NATION SOLUTIONS LINK, L.L.C.",541611,ADMINISTRATIVE MANAGEMENT AND GENERAL MANAGEMENT CONSULTING SERVICES,"$15,957,408.84 ",3/27/2025,3/26/2026
47PN0324D0007,General Services Administration,PBS ACQ CENTER FACILITY MGMT SERVICES - R3,"NORTHERN MANAGEMENT SERVICES, INC.",561210,FACILITIES SUPPORT SERVICES,"$15,854,809.93 ",4/1/2024,3/31/2026
SP450023D0009,Department of Defense,DLA DISPOSTION SERVICE - EBS,CLEAN HARBORS ENVIRONMENTAL SERVICES INC,562211,HAZARDOUS WASTE TREATMENT AND DISPOSAL,"$15,742,342.24 ",3/15/2023,3/14/2026
75N92019D00033,Department of Health and Human Services,NATIONAL INSTITUTES OF HEALTH NHLBI,VITALANT,541715,"RESEARCH AND DEVELOPMENT IN THE PHYSICAL, ENGINEERING, AND LIFE SCIENCES (EXCEPT NANOTECHNOLOGY AND BIOTECHNOLOGY)","$15,573,000.00 ",4/1/2019,3/31/2026
15B70022D00000019,Department of Justice,NATIONAL ACQUISITIONS - CO,"J.C. CHANG & ASSOCIATES, INC.",541310,ARCHITECTURAL SERVICES,"$15,500,000.00 ",3/23/2022,3/22/2026
GS35F0289X,General Services Administration,GSA/FAS CENTER FOR IT SCHEDULE PROG,"BLUE FISH WORX, L.P.",443120,COMPUTER AND SOFTWARE STORES,"$15,453,963.00 ",3/21/2011,3/20/2026
SPE60423D7524,Department of Defense,DLA ENERGY,NRG BUSINESS MARKETING LLC,211130,NATURAL GAS EXTRACTION,"$15,285,578.50 ",10/1/2023,3/31/2026
36C25621D0050,Department of Veterans Affairs,256-NETWORK CONTRACT OFFICE 16 (36C256),BAYLOR COLLEGE OF MEDICINE,325412,PHARMACEUTICAL PREPARATION MANUFACTURING,"$15,260,555.49 ",4/1/2021,3/31/2026
W912P521D0006,Department of Defense,W072 ENDIST NASHVILLE,GRAHAM SERVICES LLC,561210,FACILITIES SUPPORT SERVICES,"$15,158,481.88 ",7/31/2021,3/31/2026
GS07F0373X,General Services Administration,"GSA/FAS/GSS/QSCA, MULTIPLE AWARD SCHEDULE CONTRACTING DIVISION",HAWAII RESOURCE GROUP LLC,336611,SHIP BUILDING AND REPAIRING,"$15,062,111.00 ",3/10/2011,3/9/2026
70Z03822DB2000009,Department of Homeland Security,AVIATION LOGISTICS CENTER (ALC)(00038),YULISTA SUPPORT SERVICES LLC,336411,AIRCRAFT MANUFACTURING,"$15,047,771.18 ",12/1/2021,3/31/2026
36E79725A0007,Department of Veterans Affairs,NAC PHARMACEUTICALS (36E797),"DAY ONE BIOPHARMACEUTICALS, INC",325412,PHARMACEUTICAL PREPARATION MANUFACTURING,"$15,000,000.00 ",3/8/2025,3/7/2026
W912P821D0005,Department of Defense,W07V ENDIST N ORLEANS,SAPPER SOLUTIONS LLC,541330,ENGINEERING SERVICES,"$15,000,000.00 ",3/12/2021,3/11/2026
19AQMM23D0050,Department of State,ACQUISITIONS - AQM MOMENTUM,MEC ENERGY SERVICES LLC,541611,ADMINISTRATIVE MANAGEMENT AND GENERAL MANAGEMENT CONSULTING SERVICES,"$15,000,000.00 ",3/10/2023,3/9/2026
15A00021AAQA00112,Department of Justice,ATF,SOS INTERNATIONAL LLC,541930,TRANSLATION AND INTERPRETATION SERVICES,"$15,000,000.00 ",3/25/2021,3/24/2026
SPE30221DP006,Department of Defense,DLA TROOP SUPPORT INDO-PACIFIC,HAM PRODUCE & SEAFOOD INC,311991,PERISHABLE PREPARED FOOD MANUFACTURING,"$15,000,000.00 ",9/8/2021,3/4/2026
50310221A0017,Securities and Exchange Commission,SECURITIES AND EXCHANGE COMMISSION,"SUPPLYSOURCE DC, LLC",337214,OFFICE FURNITURE (EXCEPT WOOD) MANUFACTURING,"$15,000,000.00 ",3/17/2021,3/16/2026
GS06F0048S,General Services Administration,GSA/FAS HEARTLAND ACQUISITION CENTE,CIMMARON ELECTRIC INC,238210,ELECTRICAL CONTRACTORS AND OTHER WIRING INSTALLATION CONTRACTORS,"$15,000,000.00 ",3/14/2006,3/13/2026
FA448621D0001,Department of Defense,FA4486  765 ABS CONF,"MENESES & MCFADDEN, CARTOR, VITOR HUGO CARVALHO, LDA",236220,COMMERCIAL AND INSTITUTIONAL BUILDING CONSTRUCTION,"$14,990,000.00 ",3/31/2021,3/30/2026
FA701421D0009,Department of Defense,FA7014  AFDW PK,THE JOHNS HOPKINS UNIVERSITY APPLIED PHYSICS LABORATORY LLC,541715,"RESEARCH AND DEVELOPMENT IN THE PHYSICAL, ENGINEERING, AND LIFE SCIENCES (EXCEPT NANOTECHNOLOGY AND BIOTECHNOLOGY)","$14,900,000.00 ",3/31/2021,3/31/2026
47QMCB24A0003,General Services Administration,GSA/FAS OFFICE OF ACQUISITION OPERA,"CORPORATE LODGING CONSULTANTS, INC.",561599,ALL OTHER TRAVEL ARRANGEMENT AND RESERVATION SERVICES,"$14,887,305.75 ",1/31/2024,3/15/2026
SP451018D0006,Department of Defense,DLA DISPOSITION SERVICES -  EBS,WEST BAUMASCHINEN GMBH,333249,OTHER INDUSTRIAL MACHINERY MANUFACTURING,"$14,718,000.00 ",4/1/2018,3/30/2026
SPE4A621D5538,Department of Defense,DLA AVIATION,"AIRCRAFT & COMMERCIAL ENTERPRISES, INC",322220,PAPER BAG AND COATED AND TREATED PAPER MANUFACTURING,"$14,384,000.00 ",3/11/2021,3/11/2026
GS07F9391S,General Services Administration,"GSA/FAS/GSS/QSCA, MULTIPLE AWARD SCHEDULE CONTRACTING DIVISION","PIERCE COMMERCIAL LAUNDRY DISTRIBUTORS, L.L.C.",325998,ALL OTHER MISCELLANEOUS CHEMICAL PRODUCT AND PREPARATION MANUFACTURING,"$14,326,815.00 ",3/15/2006,3/14/2026
36C24223D0037,Department of Veterans Affairs,242-NETWORK CONTRACT OFFICE 02 (36C242),PATRIOT FIRST PROFESSIONAL SERVICES INC.,624221,TEMPORARY SHELTERS,"$14,268,755.20 ",4/1/2023,3/31/2026
SPE60722D0081,Department of Defense,DLA ENERGY,LANCAIR CORP.,324110,PETROLEUM REFINERIES,"$14,257,736.90 ",7/1/2022,3/31/2026
SPE7LX21D0088,Department of Defense,DLA LAND AND MARITIME,PINES QUALITY INC,336390,OTHER MOTOR VEHICLE PARTS MANUFACTURING,"$14,213,503.20 ",3/19/2021,3/18/2026
SPE7LX21D0089,Department of Defense,DLA LAND AND MARITIME,BLANKENSHIP ENTERPRISES OF PINELLAS COUNTY INC,336390,OTHER MOTOR VEHICLE PARTS MANUFACTURING,"$14,213,503.20 ",3/19/2021,3/18/2026
15UC0C21D00001201,Department of Justice,"FEDERAL PRISON INDUSTRIES, INC","KRUEGER INTERNATIONAL, INC.",541613,MARKETING CONSULTING SERVICES,"$14,119,567.42 ",4/1/2021,3/31/2026
GS35F0291X,General Services Administration,GSA/FAS CENTER FOR IT SCHEDULE PROG,AMVET TECHNOLOGIES LLC,541519,OTHER COMPUTER RELATED SERVICES,"$14,105,272.00 ",3/22/2011,3/21/2026
SP330021D5003,Department of Defense,DLA DISTRIBUTION,LOGISTICS SUPPORT SERVICES JV LLC,493110,GENERAL WAREHOUSING AND STORAGE,"$13,991,370.19 ",4/1/2021,3/31/2026
N6449821D0024,Department of Defense,NSWC PHILADELPHIA DIV,"MPR ASSOCIATES, INC.",335911,STORAGE BATTERY MANUFACTURING,"$13,876,505.56 ",3/23/2021,3/27/2026
GS10F0202S,General Services Administration,GSA/FAS/PSHC/PROF SRVCS SCHED-PSS,"THE PERFORMANCE KNOWLEDGE GROUP, LLC",541611,ADMINISTRATIVE MANAGEMENT AND GENERAL MANAGEMENT CONSULTING SERVICES,"$13,629,177.00 ",3/30/2006,3/29/2026
19CG5021D0003,Department of State,U.S.EMBASSY KINSHASA,LISUNGI SA,524114,DIRECT HEALTH AND MEDICAL INSURANCE CARRIERS,"$13,625,000.00 ",4/1/2021,3/31/2026
47PD0322D0008,General Services Administration,PBS R3 ACQ MGMT DIV CONTRACT SUPPORT,"SUMMER CONSULTANTS, INC.",541330,ENGINEERING SERVICES,"$13,482,057.29 ",3/1/2022,3/3/2026
15UC0C21D00000994,Department of Justice,"FEDERAL PRISON INDUSTRIES, INC","MAYER-PAETZ, INC",313210,BROADWOVEN FABRIC MILLS,"$13,447,782.91 ",3/12/2021,3/11/2026
75N92019D00038,Department of Health and Human Services,NATIONAL INSTITUTES OF HEALTH NHLBI,VITALANT,541715,"RESEARCH AND DEVELOPMENT IN THE PHYSICAL, ENGINEERING, AND LIFE SCIENCES (EXCEPT NANOTECHNOLOGY AND BIOTECHNOLOGY)","$13,402,000.00 ",4/1/2019,3/31/2026
M6785421D8071,Department of Defense,COMMANDER,CALIBRE SYSTEMS INC,611519,OTHER TECHNICAL AND TRADE SCHOOLS,"$13,350,000.00 ",9/1/2021,3/19/2026
15BRRC23D00000002,Department of Justice,RESIDENTIAL REENTRY - CO,FIRETREE LTD,623990,OTHER RESIDENTIAL CARE FACILITIES,"$13,045,455.05 ",4/1/2023,3/31/2026
GS06F0046S,General Services Administration,GSA/FAS HEARTLAND ACQUISITION CENTE,"DELTA BUILDING SERVICES, INC.",238210,ELECTRICAL CONTRACTORS AND OTHER WIRING INSTALLATION CONTRACTORS,"$13,026,624.00 ",3/9/2006,3/8/2026
GS35F0326S,General Services Administration,GSA/FAS CENTER FOR IT SCHEDULE PROG,"CAVALIER TELEPHONE, L.L.C.",541519,OTHER COMPUTER RELATED SERVICES,"$13,021,304.00 ",3/30/2006,3/29/2026
GS00F097DA,General Services Administration,GSA/FAS/PSHC/PROF SRVCS SCHED-PSS,THOMPSON GRAY INC,541611,ADMINISTRATIVE MANAGEMENT AND GENERAL MANAGEMENT CONSULTING SERVICES,"$13,000,000.00 ",3/24/2016,3/23/2026
47PF0023A0012,General Services Administration,PBS R5 ACQUISITION MANAGEMENT DIVISION,LOGZONE INC,561210,FACILITIES SUPPORT SERVICES,"$12,976,682.64 ",8/1/2023,3/31/2026
36E79722D0010,Department of Veterans Affairs,NAC PHARMACEUTICALS (36E797),EXELAN PHARMACEUTICALS INC,325412,PHARMACEUTICAL PREPARATION MANUFACTURING,"$12,802,166.10 ",3/14/2022,3/13/2026
80LARC24DA005,National Aeronautics and Space Administration,NASA KENNEDY SPACE CENTER,"S. C. JONES SERVICES, INC.",561730,LANDSCAPING SERVICES,"$12,700,736.00 ",4/1/2024,3/31/2026
SPE1C123DB008,Department of Defense,DLA TROOP SUPPORT,"THE LIGHTHOUSE FOR THE BLIND, INCORPORATED",315990,APPAREL ACCESSORIES AND OTHER APPAREL MANUFACTURING,"$12,619,800.00 ",3/9/2023,3/9/2026
69319522D000004,Department of Transportation,693195 OFFICE OF ACQUISITION MGT,"HAMILTON ENTERPRISES, LLC",541611,ADMINISTRATIVE MANAGEMENT AND GENERAL MANAGEMENT CONSULTING SERVICES,"$12,588,093.00 ",3/9/2022,3/7/2026
36C24621D0045,Department of Veterans Affairs,246-NETWORK CONTRACTING OFFICE 6 (36C246),MADISON HEALTH AND REHABILITATION LLC,623110,NURSING CARE FACILITIES (SKILLED NURSING FACILITIES),"$12,413,690.00 ",4/1/2021,3/31/2026
N0010424ACS01,Department of Defense,NAVSUP WEAPON SYSTEMS SUPPORT MECH,BRIARTEK INC,334111,ELECTRONIC COMPUTER MANUFACTURING,"$12,410,566.20 ",3/21/2024,3/21/2026
SPE60723D0006,Department of Defense,DLA ENERGY,AVFUEL CORP,324110,PETROLEUM REFINERIES,"$12,129,646.82 ",12/9/2022,3/31/2026
36E79725A0009,Department of Veterans Affairs,NAC PHARMACEUTICALS (36E797),"MERZ PHARMACEUTICALS, LLC",325412,PHARMACEUTICAL PREPARATION MANUFACTURING,"$12,057,300.00 ",3/13/2025,3/12/2026
12445123D0017,Department of Agriculture,"USDA-FS, CSA EAST 11",DONALD BOND CONSTRUCTION INC.,237310,"HIGHWAY, STREET, AND BRIDGE CONSTRUCTION","$12,000,000.00 ",7/1/2023,3/31/2026
12445123D0023,Department of Agriculture,"USDA-FS, CSA EAST 11",STANDRIDGE BULLDOZING INC,237310,"HIGHWAY, STREET, AND BRIDGE CONSTRUCTION","$12,000,000.00 ",7/1/2023,3/31/2026
12445123D0024,Department of Agriculture,"USDA-FS, CSA EAST 11",SYTE CORPORATION,237310,"HIGHWAY, STREET, AND BRIDGE CONSTRUCTION","$12,000,000.00 ",7/1/2023,3/31/2026
12445123D0018,Department of Agriculture,"USDA-FS, CSA EAST 11","L & W CONSTRUCTION AND EXCAVATION, LLC",237310,"HIGHWAY, STREET, AND BRIDGE CONSTRUCTION","$12,000,000.00 ",7/1/2023,3/31/2026
12445123D0019,Department of Agriculture,"USDA-FS, CSA EAST 11",CARL MCDADE CONSTRUCTION INC,237310,"HIGHWAY, STREET, AND BRIDGE CONSTRUCTION","$12,000,000.00 ",7/1/2023,3/31/2026
140P2120D0005,Department of the Interior,WASHINGTON CONTRACTING OFFICE,"EBL ENGINEERS, LLC",541330,ENGINEERING SERVICES,"$12,000,000.00 ",9/28/2020,3/26/2026
140D8021D0008,Department of the Interior,IBC ACQ SVCS DIRECTORATE (00004),SUMMIT AVIATION INC,488190,OTHER SUPPORT ACTIVITIES FOR AIR TRANSPORTATION,"$12,000,000.00 ",4/1/2021,3/31/2026
12445123D0020,Department of Agriculture,"USDA-FS, CSA EAST 11",NOACON INC,237310,"HIGHWAY, STREET, AND BRIDGE CONSTRUCTION","$12,000,000.00 ",7/1/2023,3/31/2026
12445123D0022,Department of Agriculture,"USDA-FS, CSA EAST 11",ROBINSON XCAVATING & HAULING LLC,237310,"HIGHWAY, STREET, AND BRIDGE CONSTRUCTION","$12,000,000.00 ",7/1/2023,3/31/2026
12445123D0016,Department of Agriculture,"USDA-FS, CSA EAST 11",CURTIS CONSTRUCTION INC,237310,"HIGHWAY, STREET, AND BRIDGE CONSTRUCTION","$12,000,000.00 ",7/1/2023,3/31/2026
140P2120D0006,Department of the Interior,WASHINGTON CONTRACTING OFFICE,"POOLE FIRE PROTECTION, INC.",541330,ENGINEERING SERVICES,"$12,000,000.00 ",9/28/2020,3/26/2026
12445123D0021,Department of Agriculture,"USDA-FS, CSA EAST 11",CARTER RANDY,237310,"HIGHWAY, STREET, AND BRIDGE CONSTRUCTION","$12,000,000.00 ",7/1/2023,3/31/2026
140P2120D0007,Department of the Interior,WASHINGTON CONTRACTING OFFICE,"BOWMAN FIRE & LIFE SAFETY, INC.",541330,ENGINEERING SERVICES,"$12,000,000.00 ",9/28/2020,3/26/2026
N0017819D4502,Department of Defense,NSWC DAHLGREN,SIMVENTIONS INC,541715,"RESEARCH AND DEVELOPMENT IN THE PHYSICAL, ENGINEERING, AND LIFE SCIENCES (EXCEPT NANOTECHNOLOGY AND BIOTECHNOLOGY)","$12,000,000.00 ",3/6/2019,3/4/2026
W912PB23D8001,Department of Defense,0409 AQ HQ     CONTRACT,MICKAN GENERALBAUGESELLSCHAFT AMBERG MBH & CO. KG,238210,ELECTRICAL CONTRACTORS AND OTHER WIRING INSTALLATION CONTRACTORS,"$11,918,951.13 ",4/1/2023,3/31/2026
36E79725D0008,Department of Veterans Affairs,NAC PHARMACEUTICALS (36E797),"GOLDEN STATE MEDICAL SUPPLY, INC.",325412,PHARMACEUTICAL PREPARATION MANUFACTURING,"$11,912,997.96 ",4/13/2025,3/14/2026
36E79724D0018,Department of Veterans Affairs,NAC PHARMACEUTICALS (36E797),XLCARE PHARMACEUTICALS INC,325412,PHARMACEUTICAL PREPARATION MANUFACTURING,"$11,608,273.60 ",3/23/2024,3/22/2026
36F79719D0093,Department of Veterans Affairs,NAC FEDERAL SUPPLY SCHEDULE (36F797),"GLOBAL PERSONNEL POOL, INC.",561320,TEMPORARY HELP SERVICES,"$11,574,630.00 ",3/15/2019,3/14/2026
75D30125D00197,Department of Health and Human Services,CDC OFFICE OF ACQUISITION SERVICES,"BAVARIAN NORDIC, INC.",325412,PHARMACEUTICAL PREPARATION MANUFACTURING,"$11,475,000.00 ",4/1/2025,3/30/2026
47PG0123D0003,General Services Administration,PBS R6 SERVICES ACQUISITION BRANCH,"GOODWILL SPECIALTY SERVICES, INC.",561720,JANITORIAL SERVICES,"$11,414,690.23 ",4/1/2023,3/31/2026
N0018920D0030,Department of Defense,NAVSUP FLT LOG CTR NORFOLK,PACIFIC MARITIME INDUSTRIES CORP,332322,SHEET METAL WORK MANUFACTURING,"$11,335,459.20 ",9/22/2020,3/21/2026
GS35F0303X,General Services Administration,GSA/FAS CENTER FOR IT SCHEDULE PROG,ENCENTRIC INC,541512,COMPUTER SYSTEMS DESIGN SERVICES,"$11,315,080.00 ",3/28/2011,3/27/2026
75N98023D00035,Department of Health and Human Services,NATIONAL INSTITUTES OF HEALTH OLAO,COMPUTER PACKAGES INC,541990,"ALL OTHER PROFESSIONAL, SCIENTIFIC, AND TECHNICAL SERVICES","$11,247,489.00 ",3/17/2023,3/16/2026
H9223920D0004,Department of Defense,HQ USASOC CONTRACTING,INDIGO RIDGE FARM LLC,112420,GOAT FARMING,"$11,202,863.35 ",9/15/2020,3/14/2026
FA853821D0001,Department of Defense,FA8538  AFSC PZAAB,L3 AVIATION PRODUCTS INC,811219,OTHER ELECTRONIC AND PRECISION EQUIPMENT REPAIR AND MAINTENANCE,"$11,081,972.00 ",4/1/2021,3/31/2026
89503422DWA000008,Department of Energy,WESTERN-UPPER GREAT PLAINS REGION,JP WHELAN CO,321114,WOOD PRESERVATION,"$11,066,227.22 ",3/8/2022,3/7/2026
SPE60722D0052,Department of Defense,DLA ENERGY,AVFUEL CORP,324110,PETROLEUM REFINERIES,"$10,858,566.29 ",7/1/2022,3/31/2026
HQ003421D0012,Department of Defense,WASHINGTON HEADQUARTERS SERVICES,"M. C. DEAN, INC.",811310,COMMERCIAL AND INDUSTRIAL MACHINERY AND EQUIPMENT (EXCEPT AUTOMOTIVE AND ELECTRONIC) REPAIR AND MAINTENANCE,"$10,807,977.80 ",4/1/2021,3/31/2026
GS07F0407X,General Services Administration,"GSA/FAS/GSS/QSCA, MULTIPLE AWARD SCHEDULE CONTRACTING DIVISION","GENERAC POWER SYSTEMS, INC.",335312,MOTOR AND GENERATOR MANUFACTURING,"$10,801,769.00 ",4/1/2011,3/31/2026
SPRWA123D0003,Department of Defense,"DLA AVIATION AT WARNER ROBINS, GA","AERO COMPONENTS, LLC",336413,OTHER AIRCRAFT PARTS AND AUXILIARY EQUIPMENT MANUFACTURING,"$10,798,740.00 ",6/6/2023,3/24/2026
N0024421D0003,Department of Defense,NAVSUP FLT LOG CTR  SAN DIEGO,SERCO INC,325998,ALL OTHER MISCELLANEOUS CHEMICAL PRODUCT AND PREPARATION MANUFACTURING,"$10,743,973.47 ",3/12/2021,3/11/2026
31310023D0004,Nuclear Regulatory Commission,NUCLEAR REGULATORY COMMISSION,SOUTHWEST RESEARCH INSTITUTE,541715,"RESEARCH AND DEVELOPMENT IN THE PHYSICAL, ENGINEERING, AND LIFE SCIENCES (EXCEPT NANOTECHNOLOGY AND BIOTECHNOLOGY)","$10,618,861.00 ",3/30/2023,3/29/2026
36C24121D0009,Department of Veterans Affairs,241-NETWORK CONTRACT OFFICE 01 (36C241),DBI WASTE SYSTEMS INC,562111,SOLID WASTE COLLECTION,"$10,394,829.65 ",4/1/2021,3/31/2026
75N98023A00016,Department of Health and Human Services,NATIONAL INSTITUTES OF HEALTH OLAO,CONSOLIDATED SAFETY SERVICES INCORPORATED,541620,ENVIRONMENTAL CONSULTING SERVICES,"$10,388,418.31 ",4/1/2023,3/31/2026
FA446021D0002,Department of Defense,FA4460  19 CONS PKA,PATHFINDER INC,561720,JANITORIAL SERVICES,"$10,360,699.42 ",10/1/2020,3/31/2026
GS10F0182X,General Services Administration,GSA/FAS/PSHC/PROF SRVCS SCHED-PSS,OPPORTUNITY KNOCKS INC,541611,ADMINISTRATIVE MANAGEMENT AND GENERAL MANAGEMENT CONSULTING SERVICES,"$10,288,087.00 ",4/1/2011,3/31/2026
36C77021A0013,Department of Veterans Affairs,NATIONAL CMOP OFFICE (36C770),"COMPLETE PACKAGING AND SHIPPING SUPPLIES, INC.",322223,"PLASTICS, FOIL, AND COATED PAPER BAG MANUFACTURING","$10,273,490.88 ",3/28/2021,3/27/2026
15UC0C21D00001161,Department of Justice,"FEDERAL PRISON INDUSTRIES, INC","KRUEGER INTERNATIONAL, INC.",337211,WOOD OFFICE FURNITURE MANUFACTURING,"$10,223,128.80 ",4/1/2021,3/31/2026
GS35F233DA,General Services Administration,GSA/FAS CENTER FOR IT SCHEDULE PROG,"SENTAR, INC.",541511,CUSTOM COMPUTER PROGRAMMING SERVICES,"$10,113,880.00 ",3/15/2016,3/14/2026
86614323D00001,Department of Housing and Urban Development,CPO : PHILADELPHIA OPERATIONS BRANC,"NOBIS ENTERPRISES, INC.",561110,OFFICE ADMINISTRATIVE SERVICES,"$10,003,111.65 ",4/1/2023,3/31/2026
75N98024A00124,Department of Health and Human Services,NATIONAL INSTITUTES OF HEALTH OLAO,EUROFINS GENOMICS LLC,325413,IN-VITRO DIAGNOSTIC SUBSTANCE MANUFACTURING,"$10,000,000.00 ",5/11/2024,3/31/2026
75N98024A00088,Department of Health and Human Services,NATIONAL INSTITUTES OF HEALTH OLAO,"HENRY SCHEIN, INC.",339112,SURGICAL AND MEDICAL INSTRUMENT MANUFACTURING,"$10,000,000.00 ",3/6/2024,3/31/2026
12034320D0037,Department of Agriculture,"REGIONAL OFFICE, R1","DJ&A, P.C.",541330,ENGINEERING SERVICES,"$10,000,000.00 ",9/25/2020,3/24/2026
75H70124D00001,Department of Health and Human Services,DIV OF ENGINEERING SVCS - SEATTLE,"COOPER ZIETZ ENGINEERS, INC.",541330,ENGINEERING SERVICES,"$10,000,000.00 ",3/1/2024,3/4/2026
75N98021A00047,Department of Health and Human Services,NATIONAL INSTITUTES OF HEALTH OLAO,"AUTOMATE SCIENTIFIC, INC",334516,ANALYTICAL LABORATORY INSTRUMENT MANUFACTURING,"$10,000,000.00 ",3/26/2021,3/31/2026
47QRAA21D003A,General Services Administration,GSA/FAS/PSHC/PROF SRVCS SCHED-PSS,BURDETTE ENGINEERING INC,541330,ENGINEERING SERVICES,"$10,000,000.00 ",3/5/2021,3/4/2026
75H70124D00006,Department of Health and Human Services,DIV OF ENGINEERING SVCS - SEATTLE,"DAMBERG SCOTT GERZINA WAGNER ARCHITECTS, INC",541330,ENGINEERING SERVICES,"$10,000,000.00 ",3/5/2024,3/4/2026
75H70124D00004,Department of Health and Human Services,DIV OF ENGINEERING SVCS - SEATTLE,"BURNS WALD-HOPKINS SHAMBACH ARCHITECTS, INC.",541330,ENGINEERING SERVICES,"$10,000,000.00 ",3/5/2024,3/4/2026
W912JC21D5701,Department of Defense,W7M9 USPFO ACTIVITY KS ARNG,YAEGER ARCHITECTURE INC,541330,ENGINEERING SERVICES,"$10,000,000.00 ",3/3/2021,3/2/2026
W912JC21D5702,Department of Defense,W7M9 USPFO ACTIVITY KS ARNG,"HTK ARCHITECTS, INC.",541330,ENGINEERING SERVICES,"$10,000,000.00 ",3/5/2021,3/4/2026
75H70124D00011,Department of Health and Human Services,DIV OF ENGINEERING SVCS - SEATTLE,"K.F. DAVIS ENGINEERING, INC",541330,ENGINEERING SERVICES,"$10,000,000.00 ",2/19/2024,3/4/2026
FA862021G4006,Department of Defense,FA8620  AFLCMC WIJK    BIG SAFARI,HII MISSION TECHNOLOGIES CORP,541990,"ALL OTHER PROFESSIONAL, SCIENTIFIC, AND TECHNICAL SERVICES","$10,000,000.00 ",3/19/2021,3/18/2026
W9127N21D0005,Department of Defense,W071 ENDIST PORTLAND,"HARRIS ENVIRONMENTAL GROUP, INC.",541690,OTHER SCIENTIFIC AND TECHNICAL CONSULTING SERVICES,"$10,000,000.00 ",3/16/2021,3/15/2026
SPE4A221D0005,Department of Defense,DLA AVIATION,"HONEYCOMB COMPANY OF AMERICA, INC.",336413,OTHER AIRCRAFT PARTS AND AUXILIARY EQUIPMENT MANUFACTURING,"$10,000,000.00 ",3/25/2021,3/24/2026
75H70124D00002,Department of Health and Human Services,DIV OF ENGINEERING SVCS - SEATTLE,"APOGEE CONSULTING GROUP, P.A.",541330,ENGINEERING SERVICES,"$10,000,000.00 ",3/5/2024,3/4/2026
75H70124D00008,Department of Health and Human Services,DIV OF ENGINEERING SVCS - SEATTLE,"GDM-AE, INC.",541330,ENGINEERING SERVICES,"$10,000,000.00 ",3/5/2024,3/4/2026
75H70124D00005,Department of Health and Human Services,DIV OF ENGINEERING SVCS - SEATTLE,"CHILDERS I HP, LLC",541330,ENGINEERING SERVICES,"$10,000,000.00 ",3/5/2024,3/4/2026
W9127N21D0006,Department of Defense,W071 ENDIST PORTLAND,INTERNATIONAL BUSINESS SALES AND SERVICES CORP,541690,OTHER SCIENTIFIC AND TECHNICAL CONSULTING SERVICES,"$10,000,000.00 ",3/16/2021,3/15/2026
SPE4A221D0006,Department of Defense,DLA AVIATION,"TOP FLIGHT AEROSTRUCTURES, INC.",336413,OTHER AIRCRAFT PARTS AND AUXILIARY EQUIPMENT MANUFACTURING,"$10,000,000.00 ",3/25/2021,3/24/2026
75H70124D00003,Department of Health and Human Services,DIV OF ENGINEERING SVCS - SEATTLE,BLUE STAR INTEGRATIVE STUDIO LLC,541330,ENGINEERING SERVICES,"$10,000,000.00 ",3/5/2024,3/4/2026
75N98024A00095,Department of Health and Human Services,NATIONAL INSTITUTES OF HEALTH OLAO,"HISTOSERV, INC",621511,MEDICAL LABORATORIES,"$10,000,000.00 ",3/30/2024,3/31/2026
75H70124D00009,Department of Health and Human Services,DIV OF ENGINEERING SVCS - SEATTLE,HEALTH FACILITIES GROUP LLC,541330,ENGINEERING SERVICES,"$10,000,000.00 ",3/5/2024,3/4/2026
75N98021A00043,Department of Health and Human Services,NATIONAL INSTITUTES OF HEALTH OLAO,ENVIGO BIOPRODUCTS INC,325412,PHARMACEUTICAL PREPARATION MANUFACTURING,"$10,000,000.00 ",3/9/2021,3/31/2026
75H70124D00013,Department of Health and Human Services,DIV OF ENGINEERING SVCS - SEATTLE,"STONE GROUP ARCHITECTS, INC.",541330,ENGINEERING SERVICES,"$10,000,000.00 ",3/7/2024,3/6/2026
12034320D0041,Department of Agriculture,"REGIONAL OFFICE, R1",THOMAS DEAN & HOSKINS INC,541330,ENGINEERING SERVICES,"$10,000,000.00 ",9/25/2020,3/24/2026
SPE4A221D0002,Department of Defense,DLA AVIATION,"AERO COMPONENTS, LLC",336413,OTHER AIRCRAFT PARTS AND AUXILIARY EQUIPMENT MANUFACTURING,"$10,000,000.00 ",3/25/2021,3/24/2026
W9126G23D0032,Department of Defense,W076 ENDIST FT WORTH,"JUSTIN J. REEVES, L.L.C",236220,COMMERCIAL AND INSTITUTIONAL BUILDING CONSTRUCTION,"$10,000,000.00 ",3/21/2023,3/21/2026
75H70124D00012,Department of Health and Human Services,DIV OF ENGINEERING SVCS - SEATTLE,SEH - TEPA ES JV LLC,541330,ENGINEERING SERVICES,"$10,000,000.00 ",3/5/2024,3/4/2026
36C26323D0041,Department of Veterans Affairs,NETWORK CONTRACT OFFICE 23 (36C263),THE EVANGELICAL LUTHERAN GOOD SAMARITAN SOCIETY,623110,NURSING CARE FACILITIES (SKILLED NURSING FACILITIES),"$10,000,000.00 ",6/1/2023,3/31/2026
FA667521A0003,Department of Defense,FA6675  301 CONF PK,"SHS FORT WORTH, LLC",721110,HOTELS (EXCEPT CASINO HOTELS) AND MOTELS,"$10,000,000.00 ",5/3/2021,3/31/2026
75H70124D00007,Department of Health and Human Services,DIV OF ENGINEERING SVCS - SEATTLE,FARRIS ENGINEERING INC,541330,ENGINEERING SERVICES,"$10,000,000.00 ",3/7/2024,3/6/2026
75N98024A00101,Department of Health and Human Services,NATIONAL INSTITUTES OF HEALTH OLAO,EVOQUA WATER TECHNOLOGIES LLC,221310,WATER SUPPLY AND IRRIGATION SYSTEMS,"$10,000,000.00 ",4/1/2024,3/31/2026
75N98024A00093,Department of Health and Human Services,NATIONAL INSTITUTES OF HEALTH OLAO,GOVERNMENT SCIENTIFIC SOURCE INC,325199,ALL OTHER BASIC ORGANIC CHEMICAL MANUFACTURING,"$10,000,000.00 ",3/30/2024,3/31/2026
12034320D0039,Department of Agriculture,"REGIONAL OFFICE, R1","RIVER DESIGN GROUP, INC.",541330,ENGINEERING SERVICES,"$10,000,000.00 ",9/25/2020,3/24/2026
75N98024A00089,Department of Health and Human Services,NATIONAL INSTITUTES OF HEALTH OLAO,"CRYO-EXPRESS, LLC",325120,INDUSTRIAL GAS MANUFACTURING,"$10,000,000.00 ",3/31/2024,3/31/2026
75H70124D00014,Department of Health and Human Services,DIV OF ENGINEERING SVCS - SEATTLE,"THE STEELHEAD ENGINEERING COMPANY, LLC",541330,ENGINEERING SERVICES,"$10,000,000.00 ",3/5/2024,3/4/2026
75N98021A00041,Department of Health and Human Services,NATIONAL INSTITUTES OF HEALTH OLAO,PHC CORPORATION OF NORTH AMERICA,339111,LABORATORY APPARATUS AND FURNITURE MANUFACTURING,"$10,000,000.00 ",3/15/2021,3/31/2026
W9127N21D0007,Department of Defense,W071 ENDIST PORTLAND,STELL ENVIRONMENTAL ENTERPRISES INC,541690,OTHER SCIENTIFIC AND TECHNICAL CONSULTING SERVICES,"$10,000,000.00 ",3/16/2021,3/15/2026
75N98023A00009,Department of Health and Human Services,NATIONAL INSTITUTES OF HEALTH OLAO,"CARE MANAGEMENT CONSULTING, LLC",339112,SURGICAL AND MEDICAL INSTRUMENT MANUFACTURING,"$10,000,000.00 ",2/28/2023,3/31/2026
75N98021A00042,Department of Health and Human Services,NATIONAL INSTITUTES OF HEALTH OLAO,"NEU-ION, INC.",221310,WATER SUPPLY AND IRRIGATION SYSTEMS,"$10,000,000.00 ",3/8/2021,3/31/2026
W9127N21D0003,Department of Defense,W071 ENDIST PORTLAND,EGC-AGEISS LLC,541690,OTHER SCIENTIFIC AND TECHNICAL CONSULTING SERVICES,"$10,000,000.00 ",3/16/2021,3/15/2026
W9127N21D0004,Department of Defense,W071 ENDIST PORTLAND,GEO/STANLEY JOINT VENTURE 2,541690,OTHER SCIENTIFIC AND TECHNICAL CONSULTING SERVICES,"$10,000,000.00 ",3/16/2021,3/15/2026
75H70124D00010,Department of Health and Human Services,DIV OF ENGINEERING SVCS - SEATTLE,"JOHNSON, SMITTHIPONG & ROSAMOND ASSOCIATES, INC.",541330,ENGINEERING SERVICES,"$10,000,000.00 ",3/5/2024,3/4/2026
12034320D0040,Department of Agriculture,"REGIONAL OFFICE, R1",PECCIA ROBERT & ASSOCIATES INC,541330,ENGINEERING SERVICES,"$10,000,000.00 ",9/25/2020,3/24/2026
140L0621D0004,Department of the Interior,NATIONAL OPERATIONS CENTER,JACKOLA ENGINEERING & ARCHITECTURE PC,541330,ENGINEERING SERVICES,"$10,000,000.00 ",3/15/2021,3/14/2026
75N98024A00087,Department of Health and Human Services,NATIONAL INSTITUTES OF HEALTH OLAO,"ORIGENE TECHNOLOGIES, INC.",325414,BIOLOGICAL PRODUCT (EXCEPT DIAGNOSTIC) MANUFACTURING,"$10,000,000.00 ",3/5/2024,3/31/2026
FA491121D0002,Department of Defense,FA4911  378 ECONS,TAWREEK DIMENSIONS ESTABLISHMENT (TDE),561720,JANITORIAL SERVICES,"$9,999,999.99 ",3/15/2021,3/14/2026
47PD0322D0009,General Services Administration,PBS R3 ACQ MGMT DIV CONTRACT SUPPORT,SETTY & ASSOCIATES INTERNATIONAL PLLC,541330,ENGINEERING SERVICES,"$9,997,500.00 ",3/4/2022,3/3/2026
47PD0322D0007,General Services Administration,PBS R3 ACQ MGMT DIV CONTRACT SUPPORT,"MILLER-REMICK, LLC",541330,ENGINEERING SERVICES,"$9,997,500.00 ",3/4/2022,3/3/2026
6973GH21D00054,Department of Transportation,6973GH FRANCHISE ACQUISITION SVCS,"IFS NORTH AMERICA, INC.",541512,COMPUTER SYSTEMS DESIGN SERVICES,"$9,976,300.00 ",9/30/2021,3/29/2026
75N90023D00020,Department of Health and Human Services,NATIONAL INSTITUTES OF HEALTH - CC,"AMERICAN NATIONAL RED CROSS, THE",621991,BLOOD AND ORGAN BANKS,"$9,954,351.76 ",9/25/2023,3/31/2026
W912DQ21D3012,Department of Defense,W071 ENDIST KANSAS CITY,SOL-AGEISS LLC,541620,ENVIRONMENTAL CONSULTING SERVICES,"$9,900,000.00 ",3/30/2021,3/29/2026
W912DQ21D3010,Department of Defense,W071 ENDIST KANSAS CITY,BLUESTONE - BURNS & MCDONNELL JV,541620,ENVIRONMENTAL CONSULTING SERVICES,"$9,900,000.00 ",3/30/2021,3/29/2026
1331L521A13ES0015,Department of Commerce,DEPT OF COMMERCE ESO,GOVERNMENT ACQUISITIONS INC,541519,OTHER COMPUTER RELATED SERVICES,"$9,900,000.00 ",3/19/2021,3/21/2026
1333ND23DNB130004,Department of Commerce,DEPT OF COMMERCE NIST,ALLEN & OVERY LLP,541110,OFFICES OF LAWYERS,"$9,900,000.00 ",3/24/2023,3/23/2026
1331L521A13ES0013,Department of Commerce,DEPT OF COMMERCE SSPO,"CARTRIDGE TECHNOLOGIES, LLC",541519,OTHER COMPUTER RELATED SERVICES,"$9,900,000.00 ",3/16/2021,3/15/2026
1333ND23DNB130007,Department of Commerce,DEPT OF COMMERCE NIST,NORTON ROSE FULBRIGHT US LLP,541199,ALL OTHER LEGAL SERVICES,"$9,900,000.00 ",3/24/2023,3/23/2026
1333ND23DNB130006,Department of Commerce,DEPT OF COMMERCE NIST,"LOVE AND LONG, L.L.P.",922130,LEGAL COUNSEL AND PROSECUTION,"$9,900,000.00 ",3/24/2023,3/23/2026
W912DQ21D3013,Department of Defense,W071 ENDIST KANSAS CITY,"TANAQ-SUNDANCE 8(A) JOINT VENTURE, LLC",541620,ENVIRONMENTAL CONSULTING SERVICES,"$9,900,000.00 ",3/30/2021,3/29/2026
1331L521A13ES0012,Department of Commerce,DEPT OF COMMERCE SSPO,BLUE TECH INC.,541519,OTHER COMPUTER RELATED SERVICES,"$9,900,000.00 ",3/16/2021,3/15/2026
W912BV21D0003,Department of Defense,W076 ENDIST TULSA,"SST-AGEISS2 JV, LLC",541620,ENVIRONMENTAL CONSULTING SERVICES,"$9,900,000.00 ",3/15/2021,3/14/2026
W912DQ21D3011,Department of Defense,W071 ENDIST KANSAS CITY,"BRICE SOLUTIONS, LLC",541620,ENVIRONMENTAL CONSULTING SERVICES,"$9,900,000.00 ",3/30/2021,3/29/2026
W912DQ21D3014,Department of Defense,W071 ENDIST KANSAS CITY,TEHAMA - VERSAR JOINT VENTURE,541620,ENVIRONMENTAL CONSULTING SERVICES,"$9,900,000.00 ",3/30/2021,3/29/2026
1333ND23DNB130005,Department of Commerce,DEPT OF COMMERCE NIST,CLIFFORD CHANCE US LLP,541199,ALL OTHER LEGAL SERVICES,"$9,900,000.00 ",3/24/2023,3/23/2026
75H70923D00016,Department of Health and Human Services,BILLINGS AREA INDIAN HEALTH SVC,LABORATORY CORPORATION OF AMERICA,621511,MEDICAL LABORATORIES,"$9,839,513.55 ",3/27/2023,3/26/2026
GS07F0418X,General Services Administration,"GSA/FAS/GSS/QSCA, MULTIPLE AWARD SCHEDULE CONTRACTING DIVISION",SCALETTA MOLONEY ARMORING CORP,336992,"MILITARY ARMORED VEHICLE, TANK, AND TANK COMPONENT MANUFACTURING","$9,782,051.00 ",4/1/2011,3/31/2026
47PG0123D0005,General Services Administration,PBS R6 SERVICES ACQUISITION BRANCH,FEMDEL LLC,561110,OFFICE ADMINISTRATIVE SERVICES,"$9,750,000.00 ",10/1/2023,3/31/2026
GS03F0093X,General Services Administration,"GSA/FAS/GSS/QSCA, MULTIPLE AWARD SCHEDULE CONTRACTING DIVISION","PHOENIX DATA FEDERAL, LLC",518210,"COMPUTING INFRASTRUCTURE PROVIDERS, DATA PROCESSING, WEB HOSTING, AND RELATED SERVICES","$9,596,604.00 ",3/15/2011,3/14/2026
36C24625D0034,Department of Veterans Affairs,246-NETWORK CONTRACTING OFFICE 6 (36C246),SOUTHEASTERN HEALTH FACILITIES INC,623110,NURSING CARE FACILITIES (SKILLED NURSING FACILITIES),"$9,523,584.00 ",4/1/2025,3/31/2026
36E79721D0016,Department of Veterans Affairs,NAC PHARMACEUTICALS (36E797),CIPLA USA INC,325412,PHARMACEUTICAL PREPARATION MANUFACTURING,"$9,494,690.00 ",4/1/2021,3/31/2026
W911QX23D0005,Department of Defense,W6QK ACC-APG ADELPHI,"INTEGRATED SOLUTIONS FOR SYSTEMS, INC.",541330,ENGINEERING SERVICES,"$9,489,613.02 ",3/7/2023,3/7/2026
140L0122D0004,Department of the Interior,WASHINGTON DC OFFICE,ANGELL RANCH CO LLC,115210,SUPPORT ACTIVITIES FOR ANIMAL PRODUCTION,"$9,473,151.60 ",4/1/2022,3/31/2026
V797D60745,Department of Veterans Affairs,NAC FEDERAL SUPPLY SCHEDULE (36F797),"EDENBRIDGE PHARMACEUTICALS, LLC",325412,PHARMACEUTICAL PREPARATION MANUFACTURING,"$9,462,110.00 ",11/1/2016,3/31/2026
W912HP20D3000,Department of Defense,US ARMY ENGINEER DISTRICT CHARLESTO,"ENVIREMEDIAL SERVICES, INC.",237110,WATER AND SEWER LINE AND RELATED STRUCTURES CONSTRUCTION,"$9,455,140.00 ",9/8/2020,3/30/2026
FA855323D0004,Department of Defense,FA8553  AFLCMC WLNKB,GE AVIATION SYSTEMS LLC,336413,OTHER AIRCRAFT PARTS AND AUXILIARY EQUIPMENT MANUFACTURING,"$9,426,544.73 ",2/15/2023,3/6/2026
GS07F066DA,General Services Administration,"GSA/FAS/GSS/QSCA, MULTIPLE AWARD SCHEDULE CONTRACTING DIVISION","MAXA BEAM SEARCHLIGHTS, INC.",333314,OPTICAL INSTRUMENT AND LENS MANUFACTURING,"$9,390,819.00 ",4/1/2016,3/31/2026
SPE2DH21D0059,Department of Defense,DLA TROOP SUPPORT,"NEW YORK MICROSCOPE COMPANY, INC.",423450,"MEDICAL, DENTAL, AND HOSPITAL EQUIPMENT AND SUPPLIES MERCHANT WHOLESALERS","$9,375,000.00 ",2/26/2021,3/2/2026
80JSC021D0007,National Aeronautics and Space Administration,NASA JOHNSON SPACE CENTER,PARAGON SPACE DEVELOPMENT CORPORATION,541715,"RESEARCH AND DEVELOPMENT IN THE PHYSICAL, ENGINEERING, AND LIFE SCIENCES (EXCEPT NANOTECHNOLOGY AND BIOTECHNOLOGY)","$9,300,000.00 ",3/19/2021,3/18/2026
GS35F209DA,General Services Administration,GSA/FAS CENTER FOR IT SCHEDULE PROG,"IRIS HEALTH SOLUTIONS, LLC",541511,CUSTOM COMPUTER PROGRAMMING SERVICES,"$9,283,524.00 ",3/2/2016,3/1/2026
36C24221D0078,Department of Veterans Affairs,242-NETWORK CONTRACT OFFICE 02 (36C242),HVM ASSOCIATES LLC,621910,AMBULANCE SERVICES,"$9,273,750.00 ",4/1/2021,3/31/2026
N0016421DJQ81,Department of Defense,NSWC CRANE,NORTHROP GRUMMAN SYSTEMS CORPORATION,334511,"SEARCH, DETECTION, NAVIGATION, GUIDANCE, AERONAUTICAL, AND NAUTICAL SYSTEM AND INSTRUMENT MANUFACTURING","$9,120,770.00 ",3/3/2021,3/2/2026
47QSSC25A000D,General Services Administration,"GSA/FAS/GSS/QSCB, SUPPLY CHAIN MANAGEMENT CONTRACTING DIVISION",RED HILL VENTURES LLC,332999,ALL OTHER MISCELLANEOUS FABRICATED METAL PRODUCT MANUFACTURING,"$9,058,006.00 ",4/1/2025,3/31/2026
36C26221A0021,Department of Veterans Affairs,262-NETWORK CONTRACT OFFICE 22L (36C262),"PALISADE STRATEGIES, LLC",524292,THIRD PARTY ADMINISTRATION OF INSURANCE AND PENSION FUNDS,"$9,000,000.00 ",4/1/2021,3/31/2026
W81XWH22D0006,Department of Defense,ARMY MED RES ACQ ACTIVITY,"TECHNOLOGY MANAGEMENT COMPANY, INC.",541715,"RESEARCH AND DEVELOPMENT IN THE PHYSICAL, ENGINEERING, AND LIFE SCIENCES (EXCEPT NANOTECHNOLOGY AND BIOTECHNOLOGY)","$9,000,000.00 ",3/8/2022,3/7/2026
FA486121A0005,Department of Defense,FA4861  99 CONS LGC,"OREGON PREMIER LOCATIONS, LLC",531110,LESSORS OF RESIDENTIAL BUILDINGS AND DWELLINGS,"$9,000,000.00 ",3/11/2021,3/11/2026
36C24221D0058,Department of Veterans Affairs,242-NETWORK CONTRACT OFFICE 02 (36C242),UNITED VETERANS BEACON HOUSE INC,624229,OTHER COMMUNITY HOUSING SERVICES,"$8,892,166.50 ",4/1/2021,3/31/2026
47PK0222A0004,General Services Administration,PBS R9 AMD RECURRING SERVICES,"ALEUT LOGISTICS SERVICES, LLC",561210,FACILITIES SUPPORT SERVICES,"$8,837,664.00 ",4/1/2022,3/31/2026
36F79721D0101,Department of Veterans Affairs,NAC FEDERAL SUPPLY SCHEDULE (36F797),"MEDLINE INDUSTRIES, LP",325412,PHARMACEUTICAL PREPARATION MANUFACTURING,"$8,822,880.00 ",3/15/2021,3/14/2026
47PK0224D0003,General Services Administration,PBS R9 AMD RECURRING SERVICES,"LANDMARK SERVICES, INC",561720,JANITORIAL SERVICES,"$8,815,189.98 ",4/1/2024,3/31/2026
N6247321D0602,Department of Defense,NAVFACSYSCOM SOUTHWEST,CTI ENVIRONMENTAL INC,238910,SITE PREPARATION CONTRACTORS,"$8,779,736.30 ",3/25/2021,3/24/2026
SPE60722D0088,Department of Defense,DLA ENERGY,PHILLIPS 66 COMPANY,324110,PETROLEUM REFINERIES,"$8,746,719.40 ",7/1/2022,3/31/2026
SPE60722D0051,Department of Defense,DLA ENERGY,PETRO STAR INC.,324110,PETROLEUM REFINERIES,"$8,726,193.60 ",7/1/2022,3/31/2026
36C25522D0021,Department of Veterans Affairs,255-NETWORK CONTRACT OFFICE 15 (36C255),"AMERICAN NATIONAL RED CROSS, THE",325414,BIOLOGICAL PRODUCT (EXCEPT DIAGNOSTIC) MANUFACTURING,"$8,678,572.50 ",4/1/2022,3/31/2026
191N6523D0001,Department of State,U.S.  EMBASSY NEW DELHI,BAJAJ ALLIANZ GENERAL INSURANCE COMPANY LIMITED,524298,ALL OTHER INSURANCE RELATED ACTIVITIES,"$8,645,999.00 ",4/1/2023,3/31/2026
SPE60722D0095,Department of Defense,DLA ENERGY,TRUMAN ARNOLD COMPANIES,324110,PETROLEUM REFINERIES,"$8,586,548.82 ",8/1/2022,3/31/2026
19CA5221D0001,Department of State,U.S.EMBASSY OTTAWA,THE CANADA LIFE ASSURANCE CO.,524210,INSURANCE AGENCIES AND BROKERAGES,"$8,566,621.48 ",4/1/2021,3/31/2026
69319523D000001,Department of Transportation,693195 OFFICE OF ACQUISITION MGT,RMA ASSOCIATES LLC,541611,ADMINISTRATIVE MANAGEMENT AND GENERAL MANAGEMENT CONSULTING SERVICES,"$8,546,506.32 ",3/20/2023,3/19/2026
GS07F0401X,General Services Administration,"GSA/FAS/GSS/QSCA, MULTIPLE AWARD SCHEDULE CONTRACTING DIVISION",MCGRATH RENTCORP,531120,LESSORS OF NONRESIDENTIAL BUILDINGS (EXCEPT MINIWAREHOUSES),"$8,482,103.00 ",4/1/2011,3/31/2026
36E79723D0015,Department of Veterans Affairs,NAC PHARMACEUTICALS (36E797),MYLAN PHARMACEUTICALS INC,325412,PHARMACEUTICAL PREPARATION MANUFACTURING,"$8,346,790.65 ",3/4/2023,3/3/2026
FA820121D0002,Department of Defense,FA8201  AFSC OL H PZIO,ENVIRONMENTAL ABATEMENT INC,562910,REMEDIATION SERVICES,"$8,341,825.00 ",3/22/2021,3/21/2026
36E79725A0008,Department of Veterans Affairs,NAC PHARMACEUTICALS (36E797),"HELSINN THERAPEUTICS (U.S.), INC.",325412,PHARMACEUTICAL PREPARATION MANUFACTURING,"$8,338,904.40 ",3/12/2025,3/11/2026
12FPC324D0014,Department of Agriculture,FPAC BUS CNTR-ACQ DIV-WESTERN SEC,TRIGON ASSOCIATES LLC,541330,ENGINEERING SERVICES,"$8,333,333.33 ",3/4/2024,3/3/2026
SPE60722D0057,Department of Defense,DLA ENERGY,"WORLD FUEL SERVICES, INC.",324110,PETROLEUM REFINERIES,"$8,330,903.66 ",7/1/2022,3/31/2026
N0001923D0004,Department of Defense,DCMA LOCKHEED MARTIN FORT WORTH,LOCKHEED MARTIN CORPORATION,336411,AIRCRAFT MANUFACTURING,"$8,325,876.23 ",5/30/2023,3/31/2026
36F79721D0028,Department of Veterans Affairs,NAC FEDERAL SUPPLY SCHEDULE (36F797),"STAR POLY BAG, INC.",339113,SURGICAL APPLIANCE AND SUPPLIES MANUFACTURING,"$8,264,197.00 ",4/1/2021,3/31/2026
SPE60722D0080,Department of Defense,DLA ENERGY,SIGNATURE FLIGHT SUPPORT LLC,324110,PETROLEUM REFINERIES,"$8,250,119.42 ",7/1/2022,3/31/2026
GS27F0034X,General Services Administration,GSA/FAS,"NATIONAL OFFICE FURNITURE, INC.",337214,OFFICE FURNITURE (EXCEPT WOOD) MANUFACTURING,"$8,250,000.00 ",3/31/2011,3/30/2026
GS33F0021X,General Services Administration,"GSA/FAS/GSS/QSCA, MULTIPLE AWARD SCHEDULE CONTRACTING DIVISION","WATERS MOVING & STORAGE, INC.",484210,USED HOUSEHOLD AND OFFICE GOODS MOVING,"$8,229,142.00 ",3/23/2011,3/22/2026
47PM1019A0003,General Services Administration,PBS R11 SPECIAL PROGRAMS DIVISION WHITE HOUSE BRANCH,"AMERICA'S PRIDE: SUPPORTING SERVICE-CONNECTED DISABLED VETERANS, INC.",561612,SECURITY GUARDS AND PATROL SERVICES,"$8,224,440.94 ",4/1/2019,3/31/2026
36C26321D0033,Department of Veterans Affairs,NETWORK CONTRACT OFFICE 23 (36C263),AVERA MCKENNAN,621111,OFFICES OF PHYSICIANS (EXCEPT MENTAL HEALTH SPECIALISTS),"$8,150,315.77 ",4/1/2021,3/31/2026
W91QF521D0004,Department of Defense,W6QM MICC FT GREGG-ADAMS,GENESIS 360 LLC,237310,"HIGHWAY, STREET, AND BRIDGE CONSTRUCTION","$8,136,772.39 ",4/1/2021,3/31/2026
SPE60722D0060,Department of Defense,DLA ENERGY,AVFUEL CORP,324110,PETROLEUM REFINERIES,"$8,112,015.04 ",7/1/2022,3/31/2026
W56HZV21D0021,Department of Defense,W4GG HQ US ARMY TACOM,"RONAL INDUSTRIES, INC.",336992,"MILITARY ARMORED VEHICLE, TANK, AND TANK COMPONENT MANUFACTURING","$8,097,776.09 ",4/5/2021,3/18/2026
HTC71120DR037,Department of Defense,USTRANSCOM-AQ,MARTERNERI S.P.A.,488320,MARINE CARGO HANDLING,"$8,044,362.72 ",10/1/2020,3/31/2026
GS06F0047S,General Services Administration,"GSA/FAS/GSS/QSCA, MULTIPLE AWARD SCHEDULE CONTRACTING DIVISION",GOULD SOUTHERN INC,333991,POWER-DRIVEN HANDTOOL MANUFACTURING,"$8,025,288.00 ",3/13/2006,3/12/2026
15F06721A0003170,Department of Justice,FBI-JEH,"THUNDERCAT TECHNOLOGY, LLC",423430,COMPUTER AND COMPUTER PERIPHERAL EQUIPMENT AND SOFTWARE MERCHANT WHOLESALERS,"$8,000,000.00 ",4/30/2021,3/29/2026
12445123D0005,Department of Agriculture,"USDA-FS, CSA EAST 11",BLUEGRASS CONTRACTING CORP,237310,"HIGHWAY, STREET, AND BRIDGE CONSTRUCTION","$8,000,000.00 ",6/1/2023,3/31/2026
47PD0322D0014,General Services Administration,PBS R3 ACQ MGMT DIV CONTRACT SUPPORT,DAWN INCORPORATED,236220,COMMERCIAL AND INSTITUTIONAL BUILDING CONSTRUCTION,"$8,000,000.00 ",4/1/2022,3/31/2026
12445123D0008,Department of Agriculture,"USDA-FS, CSA EAST 11",SYTE CORPORATION,237310,"HIGHWAY, STREET, AND BRIDGE CONSTRUCTION","$8,000,000.00 ",6/1/2023,3/31/2026
12445123D0006,Department of Agriculture,"USDA-FS, CSA EAST 11",NAC HEAVY HIGHWAY INC,237310,"HIGHWAY, STREET, AND BRIDGE CONSTRUCTION","$8,000,000.00 ",6/1/2023,3/31/2026
12445123D0014,Department of Agriculture,"USDA-FS, CSA EAST 11",SYTE CORPORATION,237310,"HIGHWAY, STREET, AND BRIDGE CONSTRUCTION","$8,000,000.00 ",6/1/2023,3/31/2026
12445123D0011,Department of Agriculture,"USDA-FS, CSA EAST 11",BLUEGRASS CONTRACTING CORP,237310,"HIGHWAY, STREET, AND BRIDGE CONSTRUCTION","$8,000,000.00 ",6/1/2023,3/31/2026
140D0424D0102,Department of the Interior,IBC ACQ SVCS DIRECTORATE (00004),PAPA BEAR ADVENTURES INC,481211,NONSCHEDULED CHARTERED PASSENGER AIR TRANSPORTATION,"$8,000,000.00 ",7/17/2024,3/31/2026
12445123D0013,Department of Agriculture,"USDA-FS, CSA EAST 11",SUMNER EXCAVATING,237310,"HIGHWAY, STREET, AND BRIDGE CONSTRUCTION","$8,000,000.00 ",6/1/2023,3/31/2026
47PD0322D0015,General Services Administration,PBS R3 ACQ MGMT DIV CONTRACT SUPPORT,MARE SOLUTIONS INC,236220,COMMERCIAL AND INSTITUTIONAL BUILDING CONSTRUCTION,"$8,000,000.00 ",4/1/2022,3/31/2026
140D0424D0099,Department of the Interior,IBC ACQ SVCS DIRECTORATE (00004),"COPPER VALLEY AIR SERVICE, LLC",481211,NONSCHEDULED CHARTERED PASSENGER AIR TRANSPORTATION,"$8,000,000.00 ",7/19/2024,3/31/2026
FA820120D0004,Department of Defense,FA8201  OL H  PZIO,"AUTOMOTIVE & INDUSTRIAL SUPPLY, LLC",493110,GENERAL WAREHOUSING AND STORAGE,"$8,000,000.00 ",9/28/2020,3/31/2026
47PD0322D0018,General Services Administration,PBS R3 ACQ MGMT DIV CONTRACT SUPPORT,KJ JOHNSTON LTD.,236220,COMMERCIAL AND INSTITUTIONAL BUILDING CONSTRUCTION,"$8,000,000.00 ",4/1/2022,3/31/2026
12445123D0015,Department of Agriculture,"USDA-FS, CSA EAST 11",T1 CONSTRUCTION LLC,237310,"HIGHWAY, STREET, AND BRIDGE CONSTRUCTION","$8,000,000.00 ",6/1/2023,3/31/2026
12445123D0012,Department of Agriculture,"USDA-FS, CSA EAST 11",NAC HEAVY HIGHWAY INC,237310,"HIGHWAY, STREET, AND BRIDGE CONSTRUCTION","$8,000,000.00 ",6/1/2023,3/31/2026
47PD0322D0016,General Services Administration,PBS R3 ACQ MGMT DIV CONTRACT SUPPORT,"TIDEWATER, INC.",236220,COMMERCIAL AND INSTITUTIONAL BUILDING CONSTRUCTION,"$8,000,000.00 ",4/1/2022,3/31/2026
12445123D0009,Department of Agriculture,"USDA-FS, CSA EAST 11",T1 CONSTRUCTION LLC,237310,"HIGHWAY, STREET, AND BRIDGE CONSTRUCTION","$8,000,000.00 ",6/1/2023,3/31/2026
12445123D0007,Department of Agriculture,"USDA-FS, CSA EAST 11",SUMNER EXCAVATING,237310,"HIGHWAY, STREET, AND BRIDGE CONSTRUCTION","$8,000,000.00 ",6/1/2023,3/31/2026
36C25723D0033,Department of Veterans Affairs,257-NETWORK CONTRACT OFFICE 17 (36C257),AUSTIN-TRAVIS COUNTY MENTAL HEALTH AND MENTAL RETARDATION CENTER,624221,TEMPORARY SHELTERS,"$7,987,258.50 ",4/1/2023,3/31/2026
W56ZTN21D0002,Department of Defense,W6QK ACC-APG DIR,CHIMES DISTRICT OF COLUMBIA INC,561730,LANDSCAPING SERVICES,"$7,900,000.00 ",3/8/2021,3/31/2026
70Z04021D58050B00,Department of Homeland Security,SFLC PROCUREMENT BRANCH 3(00040),"SUNSTONE TECHNICAL SOLUTIONS, LLC",336611,SHIP BUILDING AND REPAIRING,"$7,878,752.26 ",3/31/2021,3/30/2026
GS35F231DA,General Services Administration,GSA/FAS CENTER FOR IT SCHEDULE PROG,GEAR ONE ENTERPRISE CORPORATION,334111,ELECTRONIC COMPUTER MANUFACTURING,"$7,866,216.00 ",3/14/2016,3/13/2026
SPE60423D7526,Department of Defense,DLA ENERGY,SYMMETRY ENERGY SOLUTIONS LLC,211130,NATURAL GAS EXTRACTION,"$7,837,224.50 ",10/1/2023,3/31/2026
SPE60722D0086,Department of Defense,DLA ENERGY,AVFUEL CORP,324110,PETROLEUM REFINERIES,"$7,699,207.05 ",7/1/2022,3/31/2026
SPE7MX21D0054,Department of Defense,DLA LAND AND MARITIME,"CHASE SUPPLY, INC.",332999,ALL OTHER MISCELLANEOUS FABRICATED METAL PRODUCT MANUFACTURING,"$7,681,456.80 ",3/10/2021,3/9/2026
GS07F0372X,General Services Administration,"GSA/FAS/GSS/QSCA, MULTIPLE AWARD SCHEDULE CONTRACTING DIVISION",LITE CART CORP,333922,CONVEYOR AND CONVEYING EQUIPMENT MANUFACTURING,"$7,642,577.00 ",4/1/2011,3/31/2026
FA811723D0008,Department of Defense,FA8117  AFSC PZABA,BAE SYSTEMS CONTROLS INC.,336413,OTHER AIRCRAFT PARTS AND AUXILIARY EQUIPMENT MANUFACTURING,"$7,628,468.29 ",3/15/2023,3/14/2026
N4008521D0027,Department of Defense,NAVAL FAC ENGINEERING CMD MID LANT,UNIVERSAL SERVICES PROVIDER LLC,238220,"PLUMBING, HEATING, AND AIR-CONDITIONING CONTRACTORS","$7,515,351.55 ",3/9/2021,3/8/2026
12639521D0029,Department of Agriculture,MRPBS MINNEAPOLIS MN,RUMIK CONSULTANCY LLC,541612,"HUMAN RESOURCES CONSULTING SERVICES (2007), HUMAN RESOURCES AND EXECUTIVE SEARCH CONSULTING SERVICES (2002)","$7,500,000.00 ",3/22/2021,3/21/2026
N6133121D0001,Department of Defense,NAVAL SURFACE WARFARE CENTER,AEF-PERFORMANCE LLC,326291,RUBBER PRODUCT MANUFACTURING FOR MECHANICAL USE,"$7,500,000.00 ",3/22/2021,3/21/2026
12639521D0018,Department of Agriculture,MRPBS MINNEAPOLIS MN,"MOMENTUM@WORK, LLC",541612,"HUMAN RESOURCES CONSULTING SERVICES (2007), HUMAN RESOURCES AND EXECUTIVE SEARCH CONSULTING SERVICES (2002)","$7,500,000.00 ",3/5/2021,3/4/2026
N6133121D0002,Department of Defense,NAVAL SURFACE WARFARE CENTER,SMR ACQUISITION LLC,326291,RUBBER PRODUCT MANUFACTURING FOR MECHANICAL USE,"$7,500,000.00 ",3/22/2021,3/21/2026
SPE60722D0061,Department of Defense,DLA ENERGY,FREEMAN HOLDINGS OF OREGON LLC,324110,PETROLEUM REFINERIES,"$7,448,148.86 ",7/1/2022,3/31/2026
75N92019D00034,Department of Health and Human Services,NATIONAL INSTITUTES OF HEALTH NHLBI,VITALANT,541715,"RESEARCH AND DEVELOPMENT IN THE PHYSICAL, ENGINEERING, AND LIFE SCIENCES (EXCEPT NANOTECHNOLOGY AND BIOTECHNOLOGY)","$7,416,000.00 ",4/1/2019,3/31/2026
75N92019D00035,Department of Health and Human Services,NATIONAL INSTITUTES OF HEALTH NHLBI,"VERSITI WISCONSIN, INC.",541715,"RESEARCH AND DEVELOPMENT IN THE PHYSICAL, ENGINEERING, AND LIFE SCIENCES (EXCEPT NANOTECHNOLOGY AND BIOTECHNOLOGY)","$7,416,000.00 ",4/1/2019,3/31/2026
GS06F0052S,General Services Administration,"GSA/FAS/GSS/QSCA, MULTIPLE AWARD SCHEDULE CONTRACTING DIVISION",WURTH U.S.A. INC,444130,HARDWARE STORES,"$7,351,420.00 ",3/23/2006,3/22/2026
36C25521D0030,Department of Veterans Affairs,255-NETWORK CONTRACT OFFICE 15 (36C255),"TIGER PLACE, LLC",623110,NURSING CARE FACILITIES (SKILLED NURSING FACILITIES),"$7,317,878.60 ",3/8/2021,3/7/2026
36C24822D0049,Department of Veterans Affairs,248-NETWORK CONTRACT OFFICE 8 (36C248),VSS LOGISTICS LLC,493110,GENERAL WAREHOUSING AND STORAGE,"$7,308,760.20 ",3/11/2022,3/10/2026
70Z08420DAA551000,Department of Homeland Security,LOG-9,SM4G JOINT VENTURE,561210,FACILITIES SUPPORT SERVICES,"$7,299,459.17 ",5/1/2020,3/31/2026
15BCTS18D00000532,Department of Justice,COMMUNITY TREATMENT SERVICES - CO,"ROBERT F. COUFAL, PH.D. AND ASSOCIATES, P.C",621420,OUTPATIENT MENTAL HEALTH AND SUBSTANCE ABUSE CENTERS,"$7,278,542.00 ",4/1/2018,3/31/2026
SPE60722D0068,Department of Defense,DLA ENERGY,SIGNATURE FLIGHT SUPPORT LLC,324110,PETROLEUM REFINERIES,"$7,240,381.18 ",7/1/2022,3/31/2026
15BCTS24D00000005,Department of Justice,COMMUNITY TREATMENT SERVICES - CO,"KINTOCK GROUP, INC THE",621420,OUTPATIENT MENTAL HEALTH AND SUBSTANCE ABUSE CENTERS,"$7,186,224.00 ",4/1/2024,3/31/2026
36C24624D0040,Department of Veterans Affairs,246-NETWORK CONTRACTING OFFICE 6 (36C246),"VILLAGE CARE OF KING, LLC",623110,NURSING CARE FACILITIES (SKILLED NURSING FACILITIES),"$7,143,840.00 ",4/1/2024,3/31/2026
FA811721D0007,Department of Defense,FA8117  AFSC PZABA,"L3HARRIS AVIATION PRODUCTS, INC",336413,OTHER AIRCRAFT PARTS AND AUXILIARY EQUIPMENT MANUFACTURING,"$7,129,124.39 ",3/4/2021,3/3/2026
V797D70069,Department of Veterans Affairs,NAC FEDERAL SUPPLY SCHEDULE (36F797),PRECISION DOSE INC,325412,PHARMACEUTICAL PREPARATION MANUFACTURING,"$7,123,940.00 ",2/1/2017,3/31/2026
47PG0121D0007,General Services Administration,PBS R6 SERVICES ACQUISITION BRANCH,WILSON 5 SERVICE CO INC,561210,FACILITIES SUPPORT SERVICES,"$7,102,695.39 ",8/1/2021,3/31/2026
36C10G23D0014,Department of Veterans Affairs,STRATEGIC ACQUISITION CENTER FREDERICKSBURG (36C10G),"HILL-ROM, INC.",339113,SURGICAL APPLIANCE AND SUPPLIES MANUFACTURING,"$7,063,405.48 ",3/30/2023,3/29/2026
GS03F0106X,General Services Administration,"GSA/FAS/GSS/QSCA, MULTIPLE AWARD SCHEDULE CONTRACTING DIVISION","JROTC DOG TAGS, INC.",339999,ALL OTHER MISCELLANEOUS MANUFACTURING,"$7,045,977.00 ",4/1/2011,3/31/2026
SPE60722D0066,Department of Defense,DLA ENERGY,"FREEMAN HOLDINGS OF CALIFORNIA, L.L.C",324110,PETROLEUM REFINERIES,"$7,045,367.82 ",7/1/2022,3/31/2026
W911QY21D0020,Department of Defense,W6QK ACC-APG,"GAP SOLUTIONS, INC.",541714,RESEARCH AND DEVELOPMENT IN BIOTECHNOLOGY (EXCEPT NANOBIOTECHNOLOGY),"$7,043,000.00 ",3/31/2021,3/30/2026
SPE60423D7520,Department of Defense,DLA ENERGY,IGI RESOURCES INC,211130,NATURAL GAS EXTRACTION,"$7,026,964.56 ",10/1/2023,3/31/2026
36C24823A0019,Department of Veterans Affairs,248-NETWORK CONTRACT OFFICE 8 (36C248),MILLBROOK SUPPORT SERVICES INC,561320,TEMPORARY HELP SERVICES,"$7,022,923.44 ",3/21/2023,3/20/2026
36C25723D0012,Department of Veterans Affairs,257-NETWORK CONTRACT OFFICE 17 (36C257),"VETERANS ADVANTAGE MEDICAL EQUIPMENT, LLC",621610,HOME HEALTH CARE SERVICES,"$7,022,237.00 ",4/1/2023,3/31/2026
140A1621D0003,Department of the Interior,CENTRAL OFFICE,JTM ENTERPRISES LLC,334111,ELECTRONIC COMPUTER MANUFACTURING,"$7,000,000.00 ",3/15/2021,3/14/2026
140A1621D0004,Department of the Interior,CENTRAL OFFICE,"DB COMPUTER SOLUTIONS, INC.",334111,ELECTRONIC COMPUTER MANUFACTURING,"$7,000,000.00 ",3/15/2021,3/14/2026
140P2023A0002,Department of the Interior,DSC CONTRACTING SERVICES DIVISION,SOLUTION GUIDANCE CORPORATION,541513,COMPUTER FACILITIES MANAGEMENT SERVICES,"$7,000,000.00 ",3/27/2023,3/26/2026
36C26124D0057,Department of Veterans Affairs,261-NETWORK CONTRACT OFFICE 21 (36C261),APRIA HEALTHCARE LLC,532283,HOME HEALTH EQUIPMENT RENTAL,"$7,000,000.00 ",4/1/2024,3/31/2026
140A1621D0002,Department of the Interior,CENTRAL OFFICE,SIREN FX CORP.,334111,ELECTRONIC COMPUTER MANUFACTURING,"$7,000,000.00 ",3/15/2021,3/14/2026
SPE30025D3005,Department of Defense,DLA TROOP SUPPORT,THE COCA-COLA COMPANY,311812,COMMERCIAL BAKERIES,"$7,000,000.00 ",12/23/2024,3/18/2026
140A1621D0006,Department of the Interior,CENTRAL OFFICE,JTM ENTERPRISES LLC,334111,ELECTRONIC COMPUTER MANUFACTURING,"$7,000,000.00 ",3/15/2021,3/14/2026
140A1621D0001,Department of the Interior,CENTRAL OFFICE,NATIVE INNOVATION INC,334111,ELECTRONIC COMPUTER MANUFACTURING,"$7,000,000.00 ",3/15/2021,3/14/2026
36C24521A0039,Department of Veterans Affairs,245-NETWORK CONTRACT OFFICE 5 (36C245),PALISADE-HERITAGE JV LLC,541214,PAYROLL SERVICES,"$7,000,000.00 ",4/1/2021,3/31/2026
SPE30025D3004,Department of Defense,DLA TROOP SUPPORT,"PEPSICO BEVERAGE SALES, LLC",311812,COMMERCIAL BAKERIES,"$7,000,000.00 ",12/23/2024,3/18/2026
140A1621D0005,Department of the Interior,CENTRAL OFFICE,IINA BA INC,334111,ELECTRONIC COMPUTER MANUFACTURING,"$7,000,000.00 ",3/15/2021,3/14/2026
36C26124D0054,Department of Veterans Affairs,261-NETWORK CONTRACT OFFICE 21 (36C261),B & B MEDICAL SERVICES INC,532283,HOME HEALTH EQUIPMENT RENTAL,"$7,000,000.00 ",4/1/2024,3/31/2026
36C26323D0081,Department of Veterans Affairs,NETWORK CONTRACT OFFICE 23 (36C263),HERITAGE LIVING CENTER/HUBBARD COUNTY,623110,NURSING CARE FACILITIES (SKILLED NURSING FACILITIES),"$7,000,000.00 ",4/1/2023,3/31/2026
36C26021D0013,Department of Veterans Affairs,260-NETWORK CONTRACT OFFICE 20 (36C260),MEDSTAR CABULANCE INC,485991,SPECIAL NEEDS TRANSPORTATION,"$6,999,999.99 ",3/30/2021,3/29/2026
36C26021D0022,Department of Veterans Affairs,260-NETWORK CONTRACT OFFICE 20 (36C260),MEDSTAR CABULANCE INC,485991,SPECIAL NEEDS TRANSPORTATION,"$6,999,999.99 ",4/20/2021,3/29/2026
36C26022D0008,Department of Veterans Affairs,260-NETWORK CONTRACT OFFICE 20 (36C260),MEDSTAR CABULANCE INC,485991,SPECIAL NEEDS TRANSPORTATION,"$6,999,999.99 ",1/14/2022,3/29/2026
SPE8EG21D0131,Department of Defense,DLA TROOP SUPPORT,KEYSTONE FIRE PROTECTION CO,333999,ALL OTHER MISCELLANEOUS GENERAL PURPOSE MACHINERY MANUFACTURING,"$6,982,550.00 ",3/4/2021,3/4/2026
15BNAS21D00000114,Department of Justice,NATIONAL ACQUISITIONS - CO,"JANUS ASSOCIATES, INC.",541612,"HUMAN RESOURCES CONSULTING SERVICES (2007), HUMAN RESOURCES AND EXECUTIVE SEARCH CONSULTING SERVICES (2002)","$6,935,333.33 ",10/19/2020,3/31/2026
SPE7LX21D5021,Department of Defense,DLA LAND AND MARITIME,SAFT AMERICA INC,335912,PRIMARY BATTERY MANUFACTURING,"$6,908,473.80 ",3/18/2021,3/17/2026
36C26123D0056,Department of Veterans Affairs,261-NETWORK CONTRACT OFFICE 21 (36C261),"MENTAL HEALTH MANAGEMENT I, INC.",623110,NURSING CARE FACILITIES (SKILLED NURSING FACILITIES),"$6,900,000.00 ",4/1/2023,3/31/2026
36C26225D0062,Department of Veterans Affairs,262-NETWORK CONTRACT OFFICE 22 (36C262),VALOR HEALTHCARE INC,621498,ALL OTHER OUTPATIENT CARE CENTERS,"$6,885,436.08 ",4/1/2025,3/31/2026
FA853320D0007,Department of Defense,FA8533  AFLCMC ROKB,"TERADYNE, INC.",541330,ENGINEERING SERVICES,"$6,816,913.69 ",9/30/2020,3/29/2026
FA810521D0001,Department of Defense,DCMA GREAT PLAINS,"ROCKWELL COLLINS, INC.",336413,OTHER AIRCRAFT PARTS AND AUXILIARY EQUIPMENT MANUFACTURING,"$6,814,856.00 ",3/8/2021,3/7/2026
19GE5022D0015,Department of State,ACQUISITIONS - RPSO FRANKFURT,MEDIPLUS COMPANHIA DE SEGUROS SA,524114,DIRECT HEALTH AND MEDICAL INSURANCE CARRIERS,"$6,778,320.00 ",2/17/2022,3/31/2026
36C25821D0053,Department of Veterans Affairs,262-NETWORK CONTRACT OFFICE 22 (36C262),"CARDINAL HEALTH 414, LLC",325412,PHARMACEUTICAL PREPARATION MANUFACTURING,"$6,743,986.65 ",4/1/2021,3/31/2026
SPE60722D0056,Department of Defense,DLA ENERGY,"DAGGETT AVIATION, INC.",324110,PETROLEUM REFINERIES,"$6,664,697.42 ",7/1/2022,3/31/2026
47PG0125A0001,General Services Administration,PBS R6 SERVICES ACQUISITION BRANCH,CMC & MAINTENANCE INC,561210,FACILITIES SUPPORT SERVICES,"$6,643,822.61 ",4/1/2025,3/31/2026
47PK0221D0007,General Services Administration,PBS R9 AMD RECURRING SERVICES,ACUITY TOTAL SOLUTIONS,561720,JANITORIAL SERVICES,"$6,543,252.89 ",4/1/2021,3/31/2026
47PK0224D0007,General Services Administration,PBS R9 AMD RECURRING SERVICES,ACUITY TOTAL SOLUTIONS,561720,JANITORIAL SERVICES,"$6,543,252.89 ",4/1/2024,3/31/2026
FA445221D0001,Department of Defense,FA4452  763 ESS,"FLIGHT TRAINING INTERNATIONAL, INC.",611512,FLIGHT TRAINING,"$6,540,360.00 ",4/1/2021,3/31/2026
36C24625D0027,Department of Veterans Affairs,246-NETWORK CONTRACTING OFFICE 6 (36C246),VIRGINIA HEALTH SERVICES INC,623110,NURSING CARE FACILITIES (SKILLED NURSING FACILITIES),"$6,532,380.00 ",4/1/2025,3/31/2026
12444121A0004,Department of Agriculture,"USDA-FS, CSA EAST 3",GARCIA FOREST SERVICE LLC,115310,SUPPORT ACTIVITIES FOR FORESTRY,"$6,500,000.00 ",4/1/2021,3/31/2026
12444121A0008,Department of Agriculture,"USDA-FS, CSA EAST 3","INVASIVE PLANT CONTROL, INC.",115310,SUPPORT ACTIVITIES FOR FORESTRY,"$6,500,000.00 ",4/1/2021,3/31/2026
47QTCA21D005V,General Services Administration,GSA/FAS CENTER FOR IT SCHEDULE PROG,GVISION-USA INC.,334111,ELECTRONIC COMPUTER MANUFACTURING,"$6,500,000.00 ",3/2/2021,3/1/2026
12444121A0007,Department of Agriculture,"USDA-FS, CSA EAST 3",DRAS SERVICES LLC,115310,SUPPORT ACTIVITIES FOR FORESTRY,"$6,500,000.00 ",4/1/2021,3/31/2026
12444121A0009,Department of Agriculture,"USDA-FS, CSA EAST 3",MERIT FIRST LLC,115310,SUPPORT ACTIVITIES FOR FORESTRY,"$6,500,000.00 ",4/1/2021,3/31/2026
12444121A0005,Department of Agriculture,"USDA-FS, CSA EAST 3","CENTRAL MINORITY MAINTENANCE, LLC",115310,SUPPORT ACTIVITIES FOR FORESTRY,"$6,500,000.00 ",4/1/2021,3/31/2026
12444121A0003,Department of Agriculture,"USDA-FS, CSA EAST 3","MARSHFIELD FOREST SERVICE, INC.",115310,SUPPORT ACTIVITIES FOR FORESTRY,"$6,500,000.00 ",4/1/2021,3/31/2026
12444121A0006,Department of Agriculture,"USDA-FS, CSA EAST 3",DDC CONSTRUCTION SERVICES LLC,115310,SUPPORT ACTIVITIES FOR FORESTRY,"$6,500,000.00 ",4/1/2021,3/31/2026
12444121A0010,Department of Agriculture,"USDA-FS, CSA EAST 3",SKYLIGHT FORESTRY INC,115310,SUPPORT ACTIVITIES FOR FORESTRY,"$6,500,000.00 ",4/1/2021,3/31/2026
36C24222D0035,Department of Veterans Affairs,242-NETWORK CONTRACT OFFICE 02 (36C242),ASSISTED TRANSPORTATION CORP,485991,SPECIAL NEEDS TRANSPORTATION,"$6,489,450.00 ",4/1/2022,3/31/2026
GS03F074DA,General Services Administration,"GSA/FAS/GSS/QSCA, MULTIPLE AWARD SCHEDULE CONTRACTING DIVISION",ROCKY MOUNTAIN ALUMINUM SIGN & SUPPLY LLC,339950,SIGN MANUFACTURING,"$6,468,966.00 ",3/16/2016,3/15/2026
36C24624D0017,Department of Veterans Affairs,246-NETWORK CONTRACTING OFFICE 6 (36C246),"PHEASANT RIDGE FACILITY OPERATIONS, LLC",623110,NURSING CARE FACILITIES (SKILLED NURSING FACILITIES),"$6,436,980.00 ",3/2/2024,3/1/2026
36C24623D0029,Department of Veterans Affairs,246-NETWORK CONTRACTING OFFICE 6 (36C246),SOUTHPOINT OPCO LLC,623110,NURSING CARE FACILITIES (SKILLED NURSING FACILITIES),"$6,408,360.00 ",3/14/2023,3/13/2026
GS07F095DA,General Services Administration,"GSA/FAS/GSS/QSCA, MULTIPLE AWARD SCHEDULE CONTRACTING DIVISION",HALLIDAY TECHNOLOGIES INC,334516,ANALYTICAL LABORATORY INSTRUMENT MANUFACTURING,"$6,405,237.00 ",3/16/2016,3/15/2026
FA812221D0004,Department of Defense,FA8122  AFSC PZAAB,"WOODWARD, INC.",336412,AIRCRAFT ENGINE AND ENGINE PARTS MANUFACTURING,"$6,393,575.00 ",4/1/2021,3/31/2026
GS07F0333X,General Services Administration,"GSA/FAS/GSS/QSCA, MULTIPLE AWARD SCHEDULE CONTRACTING DIVISION",BLACK RHINO RECYCLING INC,325211,PLASTICS MATERIAL AND RESIN MANUFACTURING,"$6,385,433.00 ",3/2/2011,3/1/2026
GS35F214DA,General Services Administration,GSA/FAS CENTER FOR IT SCHEDULE PROG,"DIGITAL FORENSIC SERVICES, LLC",541511,CUSTOM COMPUTER PROGRAMMING SERVICES,"$6,346,742.00 ",3/7/2016,3/6/2026
SPE4A721D0164,Department of Defense,DLA AVIATION,UNISON INDUSTRIES LLC,336412,AIRCRAFT ENGINE AND ENGINE PARTS MANUFACTURING,"$6,215,168.00 ",3/17/2021,3/16/2026
GS00F0003S,General Services Administration,GSA/FAS/PSHC/PROF SRVCS SCHED-PSS,HARMONIC INTERNATIONAL LLC,541611,ADMINISTRATIVE MANAGEMENT AND GENERAL MANAGEMENT CONSULTING SERVICES,"$6,200,000.00 ",3/14/2006,3/13/2026
GS35F240DA,General Services Administration,GSA/FAS CENTER FOR IT SCHEDULE PROG,STRATIVIA LLC,541511,CUSTOM COMPUTER PROGRAMMING SERVICES,"$6,121,664.00 ",3/21/2016,3/20/2026
36E79724D0011,Department of Veterans Affairs,NAC PHARMACEUTICALS (36E797),"GOLDEN STATE MEDICAL SUPPLY, INC.",325412,PHARMACEUTICAL PREPARATION MANUFACTURING,"$6,108,271.00 ",3/11/2024,3/10/2026
80JSC021G0001,National Aeronautics and Space Administration,NASA JOHNSON SPACE CENTER,AXIOM SPACE INC,541715,"RESEARCH AND DEVELOPMENT IN THE PHYSICAL, ENGINEERING, AND LIFE SCIENCES (EXCEPT NANOTECHNOLOGY AND BIOTECHNOLOGY)","$6,103,714.13 ",3/12/2021,3/11/2026
M6700421D0001,Department of Defense,COMMANDER,PORTUS STEVEDORING LLC,488320,MARINE CARGO HANDLING,"$6,092,907.20 ",3/1/2021,3/31/2026
70Z04025D62401Y00,Department of Homeland Security,SFLC PROCUREMENT BRANCH 3(00040),MCLEAN CONTRACTING COMPANY,488330,NAVIGATIONAL SERVICES TO SHIPPING,"$6,074,015.00 ",3/12/2025,3/11/2026
47PD0322D0020,General Services Administration,PBS R3 ACQ MGMT DIV CONTRACT SUPPORT,"REAL SERVICES, INC",236220,COMMERCIAL AND INSTITUTIONAL BUILDING CONSTRUCTION,"$6,000,000.00 ",4/1/2022,3/31/2026
47QSWA21D003R,General Services Administration,"GSA/FAS/GSS/QSCA, MULTIPLE AWARD SCHEDULE CONTRACTING DIVISION","GLOBAL FOCUS MARKETING & DISTRIBUTION, LTD",339113,SURGICAL APPLIANCE AND SUPPLIES MANUFACTURING,"$6,000,000.00 ",3/30/2021,3/29/2026
140D8021D0013,Department of the Interior,IBC ACQ SVCS DIRECTORATE (00004),"AIR RESOURCES HELICOPTERS, INC.",481211,NONSCHEDULED CHARTERED PASSENGER AIR TRANSPORTATION,"$6,000,000.00 ",4/1/2021,3/31/2026
47QRAA21D0044,General Services Administration,GSA/FAS/PSHC/PROF SRVCS SCHED-PSS,LUSTER NATIONAL INC,541330,ENGINEERING SERVICES,"$6,000,000.00 ",3/31/2021,3/30/2026
GS27F021DA,General Services Administration,"GSA/FAS/GSS/QSCA, MULTIPLE AWARD SCHEDULE CONTRACTING DIVISION",ERGONOM CORPORATION,337211,WOOD OFFICE FURNITURE MANUFACTURING,"$6,000,000.00 ",4/1/2016,3/31/2026
47PD0322D0010,General Services Administration,PBS R3 ACQ MGMT DIV CONTRACT SUPPORT,RITZ CONSTRUCTION INC,236220,COMMERCIAL AND INSTITUTIONAL BUILDING CONSTRUCTION,"$6,000,000.00 ",4/1/2022,3/31/2026
47QRAA21D003V,General Services Administration,GSA/FAS/PSHC/PROF SRVCS SCHED-PSS,"DANIEL EKE AND ASSOCIATES, P.C.",541211,OFFICES OF CERTIFIED PUBLIC ACCOUNTANTS,"$6,000,000.00 ",3/24/2021,3/23/2026
47PD0322D0011,General Services Administration,PBS R3 ACQ MGMT DIV CONTRACT SUPPORT,CBLA JV LLC,236220,COMMERCIAL AND INSTITUTIONAL BUILDING CONSTRUCTION,"$6,000,000.00 ",4/1/2022,3/31/2026
GS27F020DA,General Services Administration,"GSA/FAS/GSS/QSCA, MULTIPLE AWARD SCHEDULE CONTRACTING DIVISION",ERGONOM CORPORATION,337211,WOOD OFFICE FURNITURE MANUFACTURING,"$6,000,000.00 ",3/31/2016,3/30/2026
47PD0322D0021,General Services Administration,PBS R3 ACQ MGMT DIV CONTRACT SUPPORT,"TIDEWATER, INC.",236220,COMMERCIAL AND INSTITUTIONAL BUILDING CONSTRUCTION,"$6,000,000.00 ",4/1/2022,3/31/2026
47PD0322D0013,General Services Administration,PBS R3 ACQ MGMT DIV CONTRACT SUPPORT,MC DODD CONSTRUCTION LLC,236220,COMMERCIAL AND INSTITUTIONAL BUILDING CONSTRUCTION,"$6,000,000.00 ",4/1/2022,3/31/2026
140D8021D0014,Department of the Interior,IBC ACQ SVCS DIRECTORATE (00004),HELI-1 CORP,481211,NONSCHEDULED CHARTERED PASSENGER AIR TRANSPORTATION,"$6,000,000.00 ",4/1/2021,3/31/2026
47QRAA21D0043,General Services Administration,GSA/FAS/PSHC/PROF SRVCS SCHED-PSS,"CLEAR RESOLUTION CONSULTING, LLC",541611,ADMINISTRATIVE MANAGEMENT AND GENERAL MANAGEMENT CONSULTING SERVICES,"$6,000,000.00 ",3/30/2021,3/29/2026
GS35F0280X,General Services Administration,GSA/FAS CENTER FOR IT SCHEDULE PROG,"PROTIVITI GOVERNMENT SERVICES, INC.",541511,CUSTOM COMPUTER PROGRAMMING SERVICES,"$6,000,000.00 ",3/11/2011,3/10/2026
36C25621D0048,Department of Veterans Affairs,256-NETWORK CONTRACT OFFICE 16 (36C256),"AMELIA MANOR, INC.",623110,NURSING CARE FACILITIES (SKILLED NURSING FACILITIES),"$6,000,000.00 ",7/1/2021,3/31/2026
36E79724A0011,Department of Veterans Affairs,NAC PHARMACEUTICALS (36E797),FERRING PHARMACEUTICALS INC,325412,PHARMACEUTICAL PREPARATION MANUFACTURING,"$5,957,790.00 ",3/15/2024,3/14/2026
GS00F084DA,General Services Administration,GSA/FAS/PSHC/PROF SRVCS SCHED-PSS,"GLOBAL CORRECTIONS GROUP, LLC",541611,ADMINISTRATIVE MANAGEMENT AND GENERAL MANAGEMENT CONSULTING SERVICES,"$5,936,287.00 ",3/14/2016,3/13/2026
GS00F099DA,General Services Administration,GSA/FAS/PSHC/PROF SRVCS SCHED-PSS,EARTH SMART ENVIRONMENTAL SOLUTIONS LLC,541620,ENVIRONMENTAL CONSULTING SERVICES,"$5,906,512.00 ",3/25/2016,3/24/2026
W9124B24D0001,Department of Defense,W6QM MICC-FT IRWIN,RONJON RENTALS INC,562991,SEPTIC TANK AND RELATED SERVICES,"$5,785,120.00 ",5/1/2024,3/31/2026
36C26221D0012,Department of Veterans Affairs,262-NETWORK CONTRACT OFFICE 22 (36C262),"STEP UP ON SECOND STREET, INC.",624229,OTHER COMMUNITY HOUSING SERVICES,"$5,781,240.00 ",3/15/2021,3/14/2026
36C24422D0102,Department of Veterans Affairs,244-NETWORK CONTRACT OFFICE 4 (36C244),"AMERICAN NATIONAL RED CROSS, THE",621991,BLOOD AND ORGAN BANKS,"$5,704,654.45 ",4/1/2022,3/31/2026
GS07F0400X,General Services Administration,GSA/FAS HEARTLAND ACQUISITION CENTE,"COMPLETE PACKAGING AND SHIPPING SUPPLIES, INC.",326191,PLASTICS PLUMBING FIXTURE MANUFACTURING,"$5,690,613.00 ",3/22/2011,3/21/2026
SPE60722D0100,Department of Defense,DLA ENERGY,"REEDER FLYING SERVICE, INC.",324110,PETROLEUM REFINERIES,"$5,681,139.58 ",8/1/2022,3/31/2026
FA860121D0014,Department of Defense,FA8601  AFLCMC PZIO,"ECONOMY LINEN & TOWEL SERVICE OF ZANESVILLE, INC",812320,DRYCLEANING AND LAUNDRY SERVICES (EXCEPT COIN-OPERATED),"$5,655,000.00 ",4/1/2021,3/31/2026
47PL0224D0004,General Services Administration,PBS R10 SERVICES ACQUISITIONS BRANCH,CASCADE CONNECTIONS,561720,JANITORIAL SERVICES,"$5,653,252.32 ",4/1/2024,3/31/2026
SPE7MX21D5012,Department of Defense,DLA LAND AND MARITIME,AGM CONTAINER CONTROLS INC,333999,ALL OTHER MISCELLANEOUS GENERAL PURPOSE MACHINERY MANUFACTURING,"$5,651,830.14 ",3/22/2021,3/21/2026
70Z03822DJ0000006,Department of Homeland Security,AVIATION LOGISTICS CENTER (ALC)(00038),"CHELTON AVIONICS, INC",488190,OTHER SUPPORT ACTIVITIES FOR AIR TRANSPORTATION,"$5,651,449.00 ",4/1/2022,3/31/2026
GS35F217DA,General Services Administration,GSA/FAS CENTER FOR IT SCHEDULE PROG,DS2 LLC,541511,CUSTOM COMPUTER PROGRAMMING SERVICES,"$5,583,569.00 ",3/4/2016,3/3/2026
47PK0221D0011,General Services Administration,PBS R9 AMD RECURRING SERVICES,TEYA ENTERPRISES LLC,561210,FACILITIES SUPPORT SERVICES,"$5,583,279.80 ",4/1/2021,3/31/2026
W56HZV21D0037,Department of Defense,W6QK ACC- DTA,RAMIM ENGINEERING WORKS LTD,332311,PREFABRICATED METAL BUILDING AND COMPONENT MANUFACTURING,"$5,515,514.00 ",3/16/2021,3/1/2026
36C24124A0054,Department of Veterans Affairs,241-NETWORK CONTRACT OFFICE 01 (36C241),"MINBURN TECHNOLOGY GROUP, LLC",339112,SURGICAL AND MEDICAL INSTRUMENT MANUFACTURING,"$5,500,000.00 ",3/18/2024,3/17/2026
36C24624D0032,Department of Veterans Affairs,246-NETWORK CONTRACTING OFFICE 6 (36C246),"PINEHURST OPCO, LLC",623110,NURSING CARE FACILITIES (SKILLED NURSING FACILITIES),"$5,492,520.00 ",3/11/2024,3/10/2026
SPE60722D0091,Department of Defense,DLA ENERGY,"GATEWAY USA, LLC",324110,PETROLEUM REFINERIES,"$5,468,442.63 ",7/1/2022,3/31/2026
36C24923D0040,Department of Veterans Affairs,249-NETWORK CONTRACT OFFICE 9 (36C249),LAUREL HOUSING INC,623110,NURSING CARE FACILITIES (SKILLED NURSING FACILITIES),"$5,458,302.78 ",4/1/2023,3/31/2026
36C25621D0057,Department of Veterans Affairs,256-NETWORK CONTRACT OFFICE 16 (36C256),ACADIAN AMBULANCE SERVICE INC,621910,AMBULANCE SERVICES,"$5,447,009.10 ",4/1/2021,3/31/2026
36C78621D0062,Department of Veterans Affairs,NATIONAL CEMETERY ADMIN (36C786),ALLSERV INC,561730,LANDSCAPING SERVICES,"$5,437,740.59 ",4/1/2021,3/31/2026
36C26321D0047,Department of Veterans Affairs,NETWORK CONTRACT OFFICE 23 (36C263),NORTH MEMORIAL HEALTH CARE,621910,AMBULANCE SERVICES,"$5,382,036.45 ",4/1/2021,3/31/2026
N0038323DSB01,Department of Defense,NAVSUP WEAPON SYSTEMS SUPPORT,THE BOEING COMPANY,334220,RADIO AND TELEVISION BROADCASTING AND WIRELESS COMMUNICATIONS EQUIPMENT MANUFACTURING,"$5,372,300.00 ",3/16/2023,3/16/2026
GS35F0296X,General Services Administration,GSA/FAS CENTER FOR IT SCHEDULE PROG,ACISTEK LLC,541512,COMPUTER SYSTEMS DESIGN SERVICES,"$5,363,374.00 ",3/24/2011,3/23/2026
SP450021D0006,Department of Defense,DLA DISPOSTION SERVICE - EBS,"GUAHAN WASTE CONTROL, INC.",562219,OTHER NONHAZARDOUS WASTE TREATMENT AND DISPOSAL,"$5,302,446.60 ",3/31/2021,3/30/2026
FA445221D0006,Department of Defense,FA4452  763 ESS,"L3HARRIS TECHNOLOGIES, INC",811219,OTHER ELECTRONIC AND PRECISION EQUIPMENT REPAIR AND MAINTENANCE,"$5,243,203.92 ",4/1/2021,3/31/2026
